id,Domain,Status,Attractiveness,Demand,Length,Registrar,Created,Expires
19c33eeb-7338-4eea-b373-9606739892a4,min.ing,premium,66,28,6,,,
ebb97387-e9dc-4bb4-8977-ee86870d8244,mining.ac,expired,66,28,6,CommuniGal Communication Ltd.,14/09/2024 17:00,14/09/2025 17:00
c3a720ef-8213-410c-8c93-c268fc083553,mining.accountant,premium,66,28,6,,,
5c6c9690-d72c-42f3-b4b2-8e978f1c33bb,mining.accountants,available,66,28,6,,,
7e641ec5-f0c0-4be2-b227-39cb819da5ca,mining.actor,available,66,28,6,,,
7e934942-6236-4ce3-86e8-910c5ce7e364,mining.adult,available,66,28,6,,,
aa10d12e-d956-4aea-aec1-5e71b0f100be,mining.agency,resell,66,28,6,Unstoppable Domains Inc,21/12/2021 13:15,21/12/2026 13:15
3064f5a1-9b31-4f58-8bd0-483ce2389721,mining.ai,resell,66,28,6,101domain GRS Limited,16/12/2017 01:11,15/11/2026 01:11
c0910f9e-11a4-4d84-b31f-307290738747,mining.airforce,available,66,28,6,,,
82b71f70-5b7e-4ea0-b3fa-826dd345e821,mining.apartments,available,66,28,6,,,
c3cae2b0-595d-47c8-8713-97b9f40409f2,mining.app,resell,66,28,6,West263 International Limited,18/07/2019 00:59,18/07/2026 00:59
26359690-7ac9-4ee3-be49-85d3446c9e78,mining.archi,available,66,28,6,,,
1a71e264-aafc-4060-b4e0-69c0dbec4bec,mining.army,available,66,28,6,,,
9e280d36-a76f-4458-b431-9632401dfa88,mining.art,premium,66,28,6,,,
3036e3e0-b3e1-4011-89ec-d63b242e5b83,mining.associates,available,66,28,6,,,
6964cafd-c1b2-4cc3-88e6-0e6f614f90d5,mining.attorney,premium,66,28,6,,,
ef220012-e229-4a22-b347-b732f9802a3e,mining.audio,available,66,28,6,,,
d79c41f9-2774-4ff7-8fd2-828d48c0996b,mining.auto,available,66,28,6,,,
fb4c1819-962b-4390-8899-c048313dbcfe,mining.band,available,66,28,6,,,
e84a954f-6b6c-4080-a3d9-2d504bdc8d05,mining.bar,premium,66,28,6,,,
b2bf6137-45ff-470b-a14e-ab7c2fae9922,mining.bargains,available,66,28,6,,,
8a25d373-9aee-4eb8-a9a1-d418943a3858,mining.bayern,premium,66,28,6,,,
a80459fe-2a96-4e8b-b4ab-cb1d08f26c61,mining.beauty,resell,66,28,6,"Spaceship, Inc.",11/07/2025 15:24,11/07/2026 23:59
62c0331d-a9a5-4e5b-8d99-7c2b955cb108,mining.berlin,available,66,28,6,,,
d2ecf83d-0a1f-4e9e-881b-8fc5e33baa0f,mining.bid,resell,66,28,6,"OwnRegistrar, Inc.",26/05/2025 22:46,26/05/2026 22:46
ccb31317-f734-4606-bdd7-97b48207e4d6,mining.bike,available,66,28,6,,,
b3ec48f7-2456-4835-a331-674cd3818d20,mining.bingo,available,66,28,6,,,
e5a6bc5c-e5cb-4410-aaec-5c5b0461d80c,mining.biz,resell,66,28,6,"GoDaddy.com, LLC",27/03/2002 08:10,26/03/2026 23:59
8c31d74e-f57b-456e-a2e2-df1b4c0b7bdf,mining.blackfriday,available,66,28,6,,,
d17c0954-d3af-4161-836f-3a4741a536be,mining.blog,premium,66,28,6,,,
66a2c49c-3a5b-4e3f-af0d-e24fbd51f2c6,mining.blue,resell,66,28,6,"Xiamen ChinaSource Internet Service Co., Ltd",06/05/2025 15:15,06/05/2026 15:15
caec480f-03ec-4373-be84-2cd8f96176c9,mining.boats,available,66,28,6,,,
7add73cc-c84b-4bce-b50d-f6348b17d166,mining.boo,premium,66,28,6,,,
18f9c50f-2f9f-4eec-b944-ba8e942a2c96,mining.boston,available,66,28,6,,,
aa42c509-ea68-43a0-bd25-329b994a5a6d,mining.bot,premium,66,28,6,,,
b21de3e2-f05f-4cda-9411-2a4dd4281455,mining.boutique,available,66,28,6,,,
58add89b-6ab1-4394-85ff-9c0d480a5ac4,mining.builders,available,66,28,6,,,
1225c9fc-ec39-429d-9e97-696754720853,mining.business,premium,66,28,6,,,
67e11763-a752-4a20-a86c-f39dd61c1371,mining.buzz,premium,66,28,6,,,
93cb0770-3a4c-4102-90db-8709b6e96b48,mining.cafe,available,66,28,6,,,
7c3ad316-13e5-4cef-a049-8b2346b1acca,mining.cam,expiring,66,28,6,"Spaceship, Inc.",21/12/2024 16:09,21/12/2025 23:59
19538d4c-7bc4-4845-bc4a-31ab6dfd2fcc,mining.camera,available,66,28,6,,,
38dfd284-dc4e-4b39-9fba-0ff5be123a24,mining.camp,expired,66,28,6,"Sav.com, LLC",21/10/2024 20:40,21/10/2025 20:40
38337abd-63bc-4a2a-8e3f-99895bceb4ed,mining.capital,resell,66,28,6,"Spaceship, Inc.",23/12/2023 17:00,23/12/2026 17:00
49452583-6291-4d47-812d-b93522a6c0b2,mining.car,available,66,28,6,,,
fa7aa493-f7eb-4e7f-91a7-46ac902814a5,mining.cards,available,66,28,6,,,
0c0c6ff9-7ce0-4531-a468-5d10b2f605db,mining.care,available,66,28,6,,,
e3e6679c-5610-4514-9e60-e2a424103a16,mining.cars,available,66,28,6,,,
3a4e2033-774d-4408-9c99-437a2f9eb610,mining.cash,resell,66,28,6,"Xiamen ChinaSource Internet Service Co., Ltd",13/02/2024 15:15,13/02/2027 15:15
68907b0c-7757-4359-9241-8b6c693e4e11,mining.casino,available,66,28,6,,,
f0513184-7178-4a4e-8e54-83d767353a5b,mining.catering,available,66,28,6,,,
01a4fa72-5b44-4232-988f-4ca38bccb98f,mining.ceo,premium,66,28,6,,,
395c4960-6008-4ec5-9fa2-f9b9d26a94bc,mining.cfd,premium,66,28,6,,,
517e8e37-92c2-4c75-b293-d0fd7f0c96bc,mining.charity,available,66,28,6,,,
dfd7069a-d246-458c-8f2d-a6b1e6ed8379,mining.chat,resell,66,28,6,Alibaba Cloud Computing Ltd. d/b/a HiChina (www.net.cn),30/07/2018 23:21,30/07/2026 23:21
fcdcba25-d180-4fef-83f1-77bea5579794,mining.cheap,resell,66,28,6,Dynadot Inc,19/09/2024 15:09,19/09/2026 15:09
4f365536-0d41-4d1f-9d64-6dfdbe60c1ae,mining.christmas,available,66,28,6,,,
6768011f-8df2-42ca-9d6d-2e0228935aa7,mining.church,available,66,28,6,,,
5cf92666-a22f-4487-9c74-c0b7b3952c9b,mining.cleaning,available,66,28,6,,,
15504647-37ba-487f-8791-f1e77e9f080e,mining.clinic,available,66,28,6,,,
5df5ebee-38d0-4d03-8924-44caf483cc20,mining.clothing,available,66,28,6,,,
8c7ac2b8-958f-41c0-bd9f-2944eacd2ed7,mining.coach,available,66,28,6,,,
9079a904-c696-4d59-96d0-63254f3c8f1f,mining.coffee,available,66,28,6,,,
e4a4ee45-a59c-41af-af15-096eac61bb79,mining.college,available,66,28,6,,,
777d54d4-3f21-4af2-a9b3-318e6a1e6ac8,mining.condos,available,66,28,6,,,
ab21c2a4-08cb-4318-933b-3d990d4213d3,mining.construction,resell,66,28,6,"Sav.com, LLC",24/11/2024 17:15,24/11/2026 17:15
8fa3c2af-97eb-43eb-a6e2-95f9f8fd5a1e,mining.consulting,premium,66,28,6,,,
c7f561a8-af0e-4f57-95ae-ffdbbc124a5b,mining.contact,available,66,28,6,,,
1b274a4d-a421-4ffc-b793-3c25918639ce,mining.cooking,available,66,28,6,,,
d8f76cfd-c8ad-48be-84f7-a3bc112ee85d,mining.country,available,66,28,6,,,
e4ff522f-dfad-4267-ae3d-591dd5dbea62,mining.coupons,available,66,28,6,,,
8a7609e3-a3cd-446a-9c96-756a3d478cb3,mining.courses,premium,66,28,6,,,
d3bb7156-f16b-4230-bf4e-7fe76d2633fc,mining.credit,available,66,28,6,,,
1688aeef-5ad7-4204-b45b-ef68d70f9a75,mining.creditcard,available,66,28,6,,,
590d32f9-2d88-412e-b70f-541420f62bb2,mining.cricket,premium,66,28,6,,,
016c1f6f-2ed0-4a1b-a1b6-63445fc555ff,mining.cruises,available,66,28,6,,,
a170f2ef-16b2-49b3-8c2f-6fa26a9bf4b0,mining.cv,premium,66,28,6,,,
81244523-6356-43de-99cf-0f187c0b556f,mining.cyou,premium,66,28,6,,,
c748b9b2-f1c3-4ae0-82d2-f207921893b3,mining.dad,premium,66,28,6,,,
45056317-5758-4c88-a7b5-32063647317b,mining.dance,available,66,28,6,,,
789083e5-45d1-42a8-b352-fb8d3eaa803e,mining.date,premium,66,28,6,,,
f7796319-e2af-4bca-a8e8-4b4b22c5bbcb,mining.dating,available,66,28,6,,,
41766601-a81f-494a-a69e-c18470e764ee,mining.day,premium,66,28,6,,,
1bf55f79-84f9-4b64-bed2-f525775496e8,mining.deal,premium,66,28,6,,,
1244c5d9-40cd-4b30-b279-d9ee518171e8,mining.dealer,premium,66,28,6,,,
7f9fdf0b-44e7-4952-bc4a-044ba35012c6,mining.delivery,available,66,28,6,,,
10cc2424-70b3-4523-954a-019ca9227139,mining.democrat,available,66,28,6,,,
f4b1f8d5-cd56-4589-a563-e0dc648989f7,mining.dental,available,66,28,6,,,
fa031f6d-0615-45cd-9662-7a92f76904e0,mining.dentist,available,66,28,6,,,
02efdbd8-3c58-4519-b695-95a99de22af1,mining.design,expired,66,28,6,Dynadot Inc,10/11/2024 10:15,10/11/2025 10:15
824a48bd-e63f-48f3-86cf-f27909b7726c,mining.dev,premium,66,28,6,,,
c271e13a-32d7-4397-a2c0-5a3f8a6f449c,mining.diet,available,66,28,6,,,
ac504ff8-6409-4db2-a353-0068a6f27267,mining.digital,resell,66,28,6,Porkbun LLC,17/10/2020 19:35,17/10/2026 19:35
bb048508-2fb2-4217-b69c-f4d181d73aa9,mining.direct,available,66,28,6,,,
9e40b970-2590-45f4-937b-3b9befa566ed,mining.diy,premium,66,28,6,,,
9bb7cf84-cd0a-4447-a1d3-73ea5f836890,mining.doctor,available,66,28,6,,,
024095db-d0db-4e80-ae28-f5e47de0569b,mining.domains,available,66,28,6,,,
dbae97b6-d6bf-4fa0-9308-2ce8527ca94b,mining.download,premium,66,28,6,,,
49e7fbe8-6ce2-4813-a462-95a5e709e85a,mining.energy,resell,66,28,6,"Spaceship, Inc.",12/04/2025 19:41,12/04/2026 19:41
83494987-5c22-4ec4-8ed6-709afb6f521c,mining.engineer,premium,66,28,6,,,
f8b79774-4fd7-4a56-a475-340df812f1f8,mining.enterprises,premium,66,28,6,,,
82a8c116-fe0a-49eb-abc2-33c57cc94133,mining.esq,premium,66,28,6,,,
c9027dc0-6cc7-4e21-929a-d539e7985100,mining.estate,available,66,28,6,,,
9cd62d81-a1ca-4a75-80cd-a1c420e07691,mining.exchange,resell,66,28,6,"GoDaddy.com, LLC",10/01/2018 21:00,10/01/2027 21:00
81c686f1-c295-4e33-8c53-25b7c731a2e1,mining.expert,expiring,66,28,6,Porkbun LLC,29/12/2020 03:15,29/12/2025 03:15
b54299e9-6f85-43c6-b301-b233fd83b319,mining.exposed,available,66,28,6,,,
8f959585-6cd2-4d7e-aee5-cec18fd98541,mining.express,expired,66,28,6,"Sav.com, LLC",12/10/2024 17:19,12/10/2025 17:19
d2cc19e6-e98b-4f26-bc6a-945e1ead718e,mining.family,available,66,28,6,,,
eafd0c4e-68ac-4115-8572-206cbffb2afc,mining.fan,premium,66,28,6,,,
9600d869-7407-46c7-9000-45046f5baf5e,mining.fans,premium,66,28,6,,,
18c003e1-5f4b-4978-a1a5-380c736689c7,mining.farm,resell,66,28,6,"GoDaddy.com, LLC",01/03/2016 15:26,01/03/2026 15:26
c260c555-2c59-491f-b229-128acf06c9a1,mining.fast,premium,66,28,6,,,
5a5dc789-735b-4a1a-8d05-a9f0df206bd7,mining.film,premium,66,28,6,,,
9b43711f-f7c3-49aa-ade9-656b16b20dd6,mining.finance,expired,66,28,6,Dynadot Inc,05/10/2024 17:00,05/10/2025 17:00
3ab31f08-75fc-48ec-8d77-3a32f93c676f,mining.financial,available,66,28,6,,,
37b1379f-2f4d-4518-82be-e2350a015fa8,mining.fish,available,66,28,6,,,
c66c4e82-df48-49bb-813e-d0ae160beb1a,mining.fishing,available,66,28,6,,,
1eaed1f4-2a27-45a1-bcd1-6f38c0f95885,mining.fit,resell,66,28,6,"Xiamen ChinaSource Internet Service Co., Ltd",29/05/2022 00:00,29/05/2026 00:00
4a7fd387-cea3-4171-95ef-aaf1063a46ab,mining.fitness,available,66,28,6,,,
dde7b9ea-3719-49d1-86e3-911ff94b07ea,mining.flights,available,66,28,6,,,
50c3dc70-ee5b-4d7c-9aed-dad0850c3cdf,mining.florist,available,66,28,6,,,
9e0e50a2-0e3c-41f4-b146-f5c3f7e91ab0,mining.flowers,available,66,28,6,,,
7011c5e4-fd83-47b6-8a1e-84180941a1ad,mining.fm,premium,66,28,6,,,
ee5021f9-8628-4bca-a824-03d6857b3765,mining.foo,premium,66,28,6,,,
a220623e-59f7-4fb7-8a5a-97282a059bcd,mining.food,premium,66,28,6,,,
4ee53cc8-b200-40fd-aa45-656c2bbd381e,mining.football,available,66,28,6,,,
4c495439-3205-4d04-a6af-a33d7e66045f,mining.forsale,premium,66,28,6,,,
ec22d2b1-5834-4463-96c8-8e24f965772a,mining.free,premium,66,28,6,,,
1c44f9b5-4757-4fbb-aa23-e706cd9862a2,mining.fund,expiring,66,28,6,"Chengdu West Dimension Digital Technology Co., Ltd.",04/01/2020 18:06,04/01/2026 18:06
c6195a7b-8b70-4f34-abf5-59ce14053b0f,mining.furniture,available,66,28,6,,,
73681162-e421-44b3-8130-292f78a418cb,mining.futbol,available,66,28,6,,,
25704e5d-880b-4870-b806-9f8a33a5b64e,mining.gallery,available,66,28,6,,,
0bc08737-a445-4571-b75e-5ba1bb86fd3a,mining.games,premium,66,28,6,,,
e55ca86c-0559-4aa1-8455-9b3bee491f88,mining.garden,premium,66,28,6,,,
7d1f1976-59d2-4c1d-a5f5-be8eaa474bf9,mining.gay,premium,66,28,6,,,
fde878c7-5da0-4f4d-b9a8-60564024769f,mining.gift,available,66,28,6,,,
14555988-86ca-4474-b35f-f70621828017,mining.gifts,available,66,28,6,,,
addc4a6a-a358-4eac-96a0-4243491054e3,mining.gives,available,66,28,6,,,
fd67f0eb-9b61-43ab-a895-5f97730e2e49,mining.giving,available,66,28,6,,,
aa5de5e4-b700-4f03-a158-78afe32ef3cb,mining.glass,available,66,28,6,,,
fcb16e33-d24d-4b17-a356-6431baba692a,mining.global,premium,66,28,6,,,
d3689949-efab-48cf-b7f5-4045d2faf16e,mining.gmbh,available,66,28,6,,,
62faff42-4412-441a-9044-eb500b5f83de,mining.gold,resell,66,28,6,"Chengdu West Dimension Digital Technology Co., Ltd.",23/12/2023 15:15,23/12/2026 15:15
c9e0d9e0-78cd-4337-b1c3-6a5198338928,mining.golf,available,66,28,6,,,
792a06f7-3a8f-4fbb-a7e7-a4ee0a27a894,mining.graphics,available,66,28,6,,,
f502f2f8-94a0-483c-9f78-4f0367c65da1,mining.gratis,available,66,28,6,,,
36a28921-235a-4c28-abe2-ad39e8eb4f55,mining.gripe,available,66,28,6,,,
ffb26080-8917-44da-93e0-02d0ba8ab4f8,mining.guitars,available,66,28,6,,,
7261db9f-f1ed-4212-b2ca-8c5f9450385e,mining.hair,expired,66,28,6,"eNom, Inc.",06/10/2022 06:40,06/10/2025 23:59
c067ceab-1d28-487a-8626-60d2ebac291e,mining.health,available,66,28,6,,,
ceb4bc59-6aa6-49d2-bd00-939608306481,mining.hiphop,available,66,28,6,,,
e1d836a6-3128-466f-b263-0685671d41cc,mining.hiv,available,66,28,6,,,
e9dfa70a-74b4-4391-9036-27ddd53b6c37,mining.hockey,available,66,28,6,,,
55dee97e-f47a-47f5-839f-e567f496730b,mining.holdings,available,66,28,6,,,
0e907011-6649-42f0-9472-172bd389c33d,mining.holiday,available,66,28,6,,,
f06eef3d-5342-4615-9674-c13678026c4f,mining.hospital,available,66,28,6,,,
7ef86e93-dff8-454d-9d90-2e9e3afcc3be,mining.hosting,available,66,28,6,,,
e0cb5095-0de6-4152-b85f-b4d0d9262218,mining.hot,premium,66,28,6,,,
b219e559-1e70-47cd-97eb-5d8c91dd0ec7,mining.house,resell,66,28,6,"Sav.com, LLC - 24",15/03/2025 15:15,15/03/2026 15:15
b9b76f55-b805-49c9-9325-53fe4cd32723,mining.how,premium,66,28,6,,,
e9262af2-b7ac-4501-804e-c75b422af570,mining.icu,expiring,66,28,6,Key-Systems LLC,04/01/2021 20:47,04/01/2026 23:59
5b58e861-f016-46ae-b627-3a2b1e77c8ae,mining.im,premium,66,28,6,,,
51b3157e-d3b7-43f8-b7e8-8e376e011d6c,mining.immo,available,66,28,6,,,
00518fee-96af-4911-a1c3-6614939ef761,mining.immobilien,available,66,28,6,,,
bfc55e21-61b1-4a2f-a977-34e6f9acbac6,mining.in,resell,66,28,6,Endurance Digital Domain Technology Private Limited,16/02/2005 06:36,16/02/2028 06:36
34ecdea3-25ab-482d-9096-1cc301da8284,mining.inc,premium,66,28,6,,,
813a90b3-3756-48e9-be6f-0b8890892e63,mining.industries,premium,66,28,6,,,
5da41614-8692-414a-bef8-e35b493d4713,mining.ing,premium,66,28,6,,,
5101c567-657e-496a-b673-bc77b7d5c832,mining.ink,expired,66,28,6,"Spaceship, Inc.",09/10/2024 03:02,09/10/2025 03:02
564a252e-5d4e-41b2-9483-051579b62162,mining.insure,available,66,28,6,,,
e7968e16-9763-4103-8e8d-3855eefbca93,mining.investments,premium,66,28,6,,,
08175934-029d-410b-a815-b74e98003f5a,mining.io,resell,66,28,6,GoDaddy Online Services Cayman Islands Ltd.,24/10/2017 10:08,24/10/2026 10:08
9a3dbb15-b0e0-490a-9db7-515fae464aee,mining.irish,available,66,28,6,,,
082de51a-92dd-4f26-be0b-9554d3f85290,mining.jetzt,available,66,28,6,,,
7649f847-13d8-42d4-938d-dda6c366a31b,mining.jewelry,available,66,28,6,,,
9782e02d-23e7-4752-b694-85a45c8a70e4,mining.juegos,available,66,28,6,,,
c85b91c3-082b-44d1-8dbc-972d32fef118,mining.kaufen,available,66,28,6,,,
d4a45e06-86dd-4eb0-8470-ab67138b1116,mining.kids,premium,66,28,6,,,
7202cd94-39ba-40ab-83cf-ce8e6eb3749e,mining.kim,available,66,28,6,,,
518a0759-10a7-4c5e-b594-535f90186ab4,mining.kitchen,available,66,28,6,,,
7077f9d8-36fe-4688-9a13-e64e3efa9a54,mining.law,available,66,28,6,,,
5b0c8359-b327-471d-86b2-7937adcef5b4,mining.lawyer,premium,66,28,6,,,
bebcb184-d9bf-4330-98e2-e984556dcba8,mining.lease,available,66,28,6,,,
f0ace332-6163-40a7-b0d8-077ad4320f8d,mining.lgbt,available,66,28,6,,,
c8b9affd-ab4f-441e-852d-e44c20dbe7b5,mining.life,resell,66,28,6,"Chengdu West Dimension Digital Technology Co., Ltd.",12/06/2018 22:04,12/06/2026 22:04
d54810db-f201-498f-a7dd-23e11f7dda31,mining.lifestyle,premium,66,28,6,,,
18ea2397-d348-41d5-9e35-0fcf7b44272b,mining.limo,available,66,28,6,,,
93b4e36f-67cd-41b9-bc80-2516bdfd1726,mining.link,premium,66,28,6,,,
23d66a43-2f8c-45d1-a60b-3c1863d2542e,mining.living,premium,66,28,6,,,
e3e07161-d04a-417a-a2d3-2d24dd6534f5,mining.loan,premium,66,28,6,,,
6a283fcb-d41d-4a36-9d0e-9ce29f698f94,mining.loans,available,66,28,6,,,
f7cff520-2a2d-4a54-ac3b-071e1c94f386,mining.locker,premium,66,28,6,,,
ed4668da-b3fa-46e7-ad57-1687667cd1d3,mining.love,resell,66,28,6,Porkbun LLC,16/03/2025 15:25,16/03/2026 15:25
3443827b-8c63-40bb-a0f0-ef5b32e7690e,mining.ltda,available,66,28,6,,,
1bf0eb70-6cc4-40a4-9acb-13bed84294f0,mining.luxe,available,66,28,6,,,
7f05459d-c82c-477f-8e2e-4dbd0b2db86b,mining.luxury,available,66,28,6,,,
574926da-25f5-41e0-b39a-1636e7e81870,mining.maison,available,66,28,6,,,
affcb2a1-f3ec-4542-9cbe-d80e5eec7c1a,mining.makeup,expired,66,28,6,"NameSilo, LLC",04/10/2024 20:55,04/10/2025 23:59
b23ed788-8694-413a-a24f-b1c981fa219f,mining.marketing,available,66,28,6,,,
61558f38-bc1c-4041-baf1-dc8ea15473a3,mining.mba,expired,66,28,6,"GoDaddy.com, LLC",02/10/2024 09:06,02/10/2025 09:06
401d8854-879b-4dfb-810e-59360c4bb7c5,mining.me,premium,66,28,6,,,
ed86516d-14f6-45d9-9fdf-d1f8920ea5b2,mining.media,resell,66,28,6,"DNSPod, Inc.",07/09/2021 17:00,07/09/2026 17:00
46a3b6ac-de02-465a-ac01-fd05396238c0,mining.melbourne,premium,66,28,6,,,
b5c836ba-9e19-4756-8107-7ed161682d18,mining.meme,premium,66,28,6,,,
0cfb12c3-be71-4caf-b3d9-1ee4f19436ae,mining.memorial,available,66,28,6,,,
2b592bc6-4cf2-4635-92ac-8b74fd8c60f9,mining.men,premium,66,28,6,,,
33432c5d-7622-43c1-b5aa-665fcbb2f5d9,mining.menu,available,66,28,6,,,
4483d5d8-e1c8-436d-9fb9-1d1bafcc74fa,mining.miami,available,66,28,6,,,
b6cf9fa9-2351-45e9-b2a7-d7e7b95f3015,mining.mobi,resell,66,28,6,Dynadot Inc,27/02/2020 10:13,27/02/2026 10:13
f4827337-a0fe-478b-9008-3700ff20dce4,mining.moda,available,66,28,6,,,
02058882-c4cb-4ece-8f95-468dc94439fa,mining.moe,available,66,28,6,,,
eb7a4cef-cae5-443b-aead-d314738beb94,mining.mortgage,available,66,28,6,,,
c06e0d90-24c9-47a7-a421-5d9233f8394e,mining.motorcycles,available,66,28,6,,,
8b188a19-2e06-40b8-903b-9baddd1ad58f,mining.mov,premium,66,28,6,,,
31296f19-a5ec-4cf3-95d0-bf33fc34c8b9,mining.movie,available,66,28,6,,,
b1bd2086-e5ef-43ef-8a06-7797a69443c4,mining.music,premium,66,28,6,,,
ca2de3a7-94a4-4ae4-82ec-04b96f69b333,mining.my,premium,66,28,6,,,
f78119ee-f57b-4471-ab8d-934b9357c870,mining.name,premium,66,28,6,,,
c714bcef-dc61-4c4c-a927-cd3c76f9efed,mining.navy,available,66,28,6,,,
ec4bddac-e32a-4405-acd8-198711a07ceb,mining.network,expiring,66,28,6,IONOS SE,10/12/2014 16:37,10/12/2025 16:37
7c53f3f2-f7f6-43cc-8ec8-1c14dfb65be5,mining.nexus,premium,66,28,6,,,
8ead396f-d2c7-45ed-921a-7317bf81fa97,mining.ngo,available,66,28,6,,,
b8ab46b3-71a6-490b-9ce9-003bbfb7b86e,mining.nyc,expired,66,28,6,"Name.com, Inc.",04/11/2021 17:54,04/11/2025 17:54
f68b1b35-81cb-43e7-b496-86ca1e00ff96,mining.observer,premium,66,28,6,,,
53327089-1e28-42b8-b59f-4ab04c92e977,mining.one,premium,66,28,6,,,
67469d4e-10ed-46ee-b832-29944d1b98b7,mining.ong,available,66,28,6,,,
2f0f586b-e658-4ff0-84ea-0d41178b4194,mining.online,premium,66,28,6,,,
0b640e9f-5b41-4d06-9941-e85e70bff7a2,mining.ooo,available,66,28,6,,,
6194c1cf-2a36-46bb-92a0-bf72c674aba7,mining.organic,available,66,28,6,,,
1196f395-a5dc-47bf-b41b-09ad19f7612a,mining.osaka,available,66,28,6,,,
30e757e8-b44d-4166-869a-2df1e9289406,mining.page,premium,66,28,6,,,
791992be-a5da-47b1-853f-6a34b77fdf16,mining.pet,expiring,66,28,6,"Xiamen ChinaSource Internet Service Co., Ltd",04/01/2025 15:15,04/01/2026 15:15
f0ec2a20-13cd-4775-9270-9cb19f3fe03d,mining.phd,premium,66,28,6,,,
e1993fbf-aef4-4217-81b2-8a7cb8a35d80,mining.photo,available,66,28,6,,,
2fec8b4b-193b-4066-ac32-3985e42a3582,mining.photography,available,66,28,6,,,
d2a74d31-6d40-4703-8a28-02723325b366,mining.pictures,available,66,28,6,,,
790050c7-695e-4775-b8d5-c802ef1b9bf3,mining.pink,available,66,28,6,,,
a5b3c0ac-4513-4620-ac72-8604b76bc405,mining.place,resell,66,28,6,"NameCheap, Inc.",24/01/2021 20:34,24/01/2026 20:34
a9b071a9-4102-4650-a1a9-786d412011b0,mining.plumbing,available,66,28,6,,,
b4feb3d1-5aac-4594-9749-3d4421e6fc44,mining.plus,resell,66,28,6,"Chengdu West Dimension Digital Technology Co., Ltd.",04/01/2020 03:21,04/01/2027 03:21
9aec7d46-82ef-4274-bf89-86fc73e2492b,mining.poker,available,66,28,6,,,
03cd355f-f32b-4009-9c60-b51d5efb6f21,mining.porn,available,66,28,6,,,
c5da1bee-34ce-408e-a204-0a3215853c04,mining.press,premium,66,28,6,,,
318bbb73-aee6-47e2-a5c3-178df4924e92,mining.pro,resell,66,28,6,Dynadot Inc,03/11/2011 22:33,04/11/2026 00:00
68f53a93-0a4f-4f00-b4e9-f6d791e01dc3,mining.productions,available,66,28,6,,,
758f1c2b-d4ed-4f9b-98d1-37800435ee7c,mining.prof,premium,66,28,6,,,
9f6fde15-1415-4d29-9ceb-492b894f9498,mining.promo,resell,66,28,6,IONOS SE,27/11/2025 23:34,27/11/2026 23:34
697ffcd1-8dbf-4e3a-96b1-21020ce18306,mining.properties,available,66,28,6,,,
7f25f57b-0b62-4499-bb22-a35d74ac0fcb,mining.property,premium,66,28,6,,,
51ac2d1c-5fac-4515-8f06-ad4acea6fb65,mining.protection,available,66,28,6,,,
6aa52a54-9452-4e21-84be-f33f03f65d0d,mining.pub,available,66,28,6,,,
975f1b0f-725a-4918-8b30-bd79f60c82fd,mining.pw,resell,66,28,6,"Xiamen ChinaSource Internet Service Co., Ltd",30/05/2024 10:43,30/05/2034 23:59
7c9780ed-70e1-45fe-8201-14645015705c,mining.qpon,available,66,28,6,,,
a9caeb97-73df-4b9a-b5fd-b2b04096658c,mining.quest,resell,66,28,6,Dynadot LLC,11/05/2024 02:59,11/05/2026 23:59
346ddcf1-e3ad-45c0-855a-0d978e4c72a2,mining.racing,premium,66,28,6,,,
7cd90126-dc4a-4e43-805a-97d8c8c8a940,mining.realty,available,66,28,6,,,
7af274ef-8190-4573-bf3b-333a0e5e8000,mining.recipes,available,66,28,6,,,
37139e22-9225-45fa-81b5-0a4251d6adea,mining.reise,available,66,28,6,,,
d46e77f7-5c08-4436-bf72-910a82bdd08d,mining.reisen,available,66,28,6,,,
cc9a4829-d55c-4d90-8ab9-6234cf495d3a,mining.republican,available,66,28,6,,,
78152da1-82a8-48d5-8d56-4bc549aa236a,mining.rest,premium,66,28,6,,,
383b0b6c-4796-45a5-be34-4df035fe5ada,mining.restaurant,available,66,28,6,,,
51250488-075f-42b6-8c53-7a3ae5a66f84,mining.review,premium,66,28,6,,,
37b6405f-bde0-4c86-921a-fd6479260bd4,mining.reviews,premium,66,28,6,,,
79c9922a-3e62-4c92-b575-181a5d07a977,mining.rich,available,66,28,6,,,
1ed5d864-e645-4f6a-8457-61c15dc892c3,mining.rip,available,66,28,6,,,
6ba0c30e-e73c-40b8-9441-3a6d79a18c2b,mining.rocks,resell,66,28,6,Dynadot Inc,04/04/2021 12:11,04/04/2026 12:11
7ec89f58-f99b-4618-8767-dea39e75f337,mining.rsvp,premium,66,28,6,,,
f895901a-e9d1-433f-a217-2a210cd32da6,mining.run,resell,66,28,6,"Chengdu West Dimension Digital Technology Co., Ltd.",07/10/2018 00:19,07/10/2026 00:19
675199af-b12c-4a7a-82df-14a7a39aa62c,mining.sale,premium,66,28,6,,,
822bac81-0c88-4d08-a4f3-f0da59ab3b37,mining.salon,available,66,28,6,,,
52a7b58d-b24a-40e5-89b1-f2c198b8d0d4,mining.sarl,available,66,28,6,,,
4f4b551c-8278-4c55-8107-f68c630f21d6,mining.sbs,premium,66,28,6,,,
e6c2b171-b684-4ab9-b6ad-ec9b8eefd535,mining.school,resell,66,28,6,"Xiamen ChinaSource Internet Service Co., Ltd",26/02/2022 13:15,26/02/2026 13:15
b764017a-d0ec-400b-a819-2a1936d8aa59,mining.schule,available,66,28,6,,,
b4a3db36-432c-4a7e-8cb8-3bb500ab2245,mining.science,premium,66,28,6,,,
3b8f55af-e8e3-469a-b5fb-9f996de9a971,mining.security,available,66,28,6,,,
4d6eb0e5-a6dc-4d87-8583-fe2a8c78f430,mining.sexy,available,66,28,6,,,
d690a37d-873d-48c5-948b-a475dc31f767,mining.sh,expiring,66,28,6,"NameCheap, Inc.",12/12/2020 08:22,12/12/2025 08:22
ccac6d5c-053a-4ba4-a2f0-097caccff42b,mining.shiksha,premium,66,28,6,,,
27d03ed8-b558-4b9f-854d-7ee7be5e6359,mining.shoes,available,66,28,6,,,
a08a9fc4-cfff-4000-a2e4-fbfa2b4df303,mining.shopping,resell,66,28,6,"Xiamen ChinaSource Internet Service Co., Ltd",06/11/2022 13:15,06/11/2026 13:15
573433c4-a244-45bd-9b09-638ecdce250c,mining.show,resell,66,28,6,"Chengdu West Dimension Digital Technology Co., Ltd.",22/04/2019 19:35,22/04/2026 19:35
33956223-f828-432f-aa94-f597e0012ed3,mining.singles,available,66,28,6,,,
9aa676ce-ffa5-40cb-a92e-92fbf937fc6e,mining.ski,available,66,28,6,,,
6f7aaa94-e04c-40ed-90f7-71c4676e1724,mining.skin,available,66,28,6,,,
a05a1748-6841-410e-8f4c-6e40b892b95d,mining.soccer,available,66,28,6,,,
0f4c090d-fa6d-4926-9ae9-ae1aadcf6670,mining.social,resell,66,28,6,"Chengdu West Dimension Digital Technology Co., Ltd.",10/03/2019 11:44,10/03/2026 11:44
17985343-7338-4f6b-ae27-6c55a231d36a,mining.software,premium,66,28,6,,,
dd7d3d66-752e-4546-90bd-cd66709a9e3b,mining.soy,premium,66,28,6,,,
90439e6e-3d71-4255-a72c-62afeb8e5090,mining.spot,premium,66,28,6,,,
a5b6c3fb-2d6c-4ae2-b396-d483e8d4f1ed,mining.srl,available,66,28,6,,,
cd9c5a61-ff79-499f-aca5-8fd0e457495c,mining.storage,available,66,28,6,,,
2e1c4df2-aab3-46dc-b646-81588dac8b7c,mining.store,premium,66,28,6,,,
2e6f970a-8f0d-445e-a13f-702d0b73ae82,mining.stream,premium,66,28,6,,,
14f783e0-0803-4efd-ae3d-28f091f59713,mining.studio,resell,66,28,6,"Xiamen ChinaSource Internet Service Co., Ltd",27/04/2025 15:15,27/04/2026 15:15
d978e521-de55-46bc-bf26-3a42535355b4,mining.study,premium,66,28,6,,,
8b5d0cd3-c9b6-4445-8056-7e09262cb7ef,mining.supplies,premium,66,28,6,,,
91e757ad-bf85-471b-bbee-961c37ff9f77,mining.surf,expiring,66,28,6,OVH sas,05/01/2025 14:19,05/01/2026 14:19
abe2ab49-8743-4ddb-ae44-d60f80797dcb,mining.surgery,available,66,28,6,,,
b9c87b8e-9537-48e0-9a0c-91b643f944ac,mining.sydney,premium,66,28,6,,,
21eaf124-2db8-4b3d-b2ed-6bc4417ec616,mining.systems,premium,66,28,6,,,
2f3c08dd-ca50-49d5-afd9-b277d8697f70,mining.talk,premium,66,28,6,,,
48ae31a0-0854-45e4-953d-75747ff24365,mining.tattoo,available,66,28,6,,,
4151389e-9254-42fb-8e92-8b7085cc7355,mining.team,resell,66,28,6,"Chengdu West Dimension Digital Technology Co., Ltd.",06/06/2018 04:45,06/06/2026 04:45
e2c7da9f-9d23-4cc4-8a12-51e5269aa546,mining.technology,premium,66,28,6,,,
c4554333-4ca2-4c74-9bfe-fb9e702bf3ab,mining.tennis,available,66,28,6,,,
b71b6c2b-9897-430c-b598-6ded3b9da527,mining.theater,available,66,28,6,,,
8841e0c6-f3f3-41ee-bfb2-7997d573a844,mining.theatre,available,66,28,6,,,
db55e253-a535-46bb-9f15-7053446b5439,mining.tickets,available,66,28,6,,,
fd02acc1-51b5-4a29-b13d-188db9964b1b,mining.tienda,available,66,28,6,,,
03d505f7-899a-4d96-9cef-2768eb07cc21,mining.tips,expired,66,28,6,"NameCheap, Inc.",07/10/2023 22:21,07/10/2025 22:21
bdb7cf67-ec16-428b-895d-db301048755d,mining.today,resell,66,28,6,"Xiamen ChinaSource Internet Service Co., Ltd",14/10/2018 15:03,14/10/2026 15:03
5bc89ed9-9e8b-44f5-ba9f-b1ba24495738,mining.tours,available,66,28,6,,,
f29767ca-3487-41c8-867d-01c39f9b8eee,mining.town,premium,66,28,6,,,
37657526-7e3d-4b46-817f-c402a6a48d21,mining.toys,available,66,28,6,,,
6788de1f-54cd-43f9-8f91-5d5bed85aea8,mining.trade,expired,66,28,6,"Network Solutions, LLC",23/11/2024 16:00,23/11/2025 16:00
fc5c81b2-c966-495a-9c60-cc9b0ca55bae,mining.training,available,66,28,6,,,
655a8e30-3c85-407c-b1e5-49f2492abf75,mining.tv,resell,66,28,6,Porkbun,24/03/2010 12:14,24/03/2026 12:14
bfffe62a-2fd5-4f8c-93cf-ebc031fd75ee,mining.university,premium,66,28,6,,,
9a912d1a-95a7-4c2c-b3d7-631e9dc3fafb,mining.uno,premium,66,28,6,,,
89de6d72-9488-47da-ac22-d1f446b0af50,mining.vacations,available,66,28,6,,,
bbc7fe2d-4a4e-4c99-845c-b740e197c333,mining.vana,available,66,28,6,,,
589628f1-bfb2-4e72-bff9-637ed490792b,mining.ventures,resell,66,28,6,"Sav.com, LLC - 9",27/07/2025 15:15,27/07/2026 15:15
77b8054a-b909-425f-bbb2-7823ddab1c0e,mining.vet,available,66,28,6,,,
9e65a842-10e5-45f2-879e-5dfb2b62279e,mining.viajes,available,66,28,6,,,
25e71592-4cb7-48db-b8dc-8cb0a93dbc14,mining.video,premium,66,28,6,,,
c3ab2d29-f97c-4099-98a2-8e6b4b42d140,mining.villas,available,66,28,6,,,
1f6501e2-4372-45a7-b6c1-91f1a611495d,mining.vin,available,66,28,6,,,
bd8be625-da3f-4f99-ac04-675de5fe8087,mining.vip,resell,66,28,6,"Xiamen ChinaSource Internet Service Co., Ltd",27/04/2022 00:00,27/04/2032 00:00
9aa8906f-d9da-4d6b-9f4c-4db8bde45010,mining.vision,resell,66,28,6,Dynadot Inc,10/08/2025 17:00,10/08/2026 17:00
ff087672-171e-4e81-bca7-b038b16c30d2,mining.vodka,available,66,28,6,,,
94b399ec-79d9-48a3-884f-86426d8e6d8a,mining.vote,available,66,28,6,,,
ffc1d768-84d7-407a-8327-53ccc78548f5,mining.voting,available,66,28,6,,,
d028c9b1-740a-4109-925d-21795bede69f,mining.voto,available,66,28,6,,,
e201f723-eb77-4e75-a5cd-30cbc82e689d,mining.voyage,available,66,28,6,,,
6bcce5f8-5c7e-40d6-95fc-94a1b9a70c82,mining.watch,resell,66,28,6,"Sav.com, LLC - 41",03/12/2024 15:15,03/12/2026 15:15
07a66864-dc7a-4954-8ad2-2d67534c4898,mining.webcam,premium,66,28,6,,,
6cf76384-57ac-4026-8030-1e0ca039df31,mining.website,premium,66,28,6,,,
aeebde43-fc7f-4808-8a44-61a9e253965d,mining.wedding,available,66,28,6,,,
3d7e6998-0af0-4030-b8cf-e3032ecd785a,mining.wiki,premium,66,28,6,,,
650f177b-915a-479f-9bb2-7e96d10723b5,mining.win,premium,66,28,6,,,
f89583ec-b5eb-4edc-ad9a-d48beb530395,mining.wine,available,66,28,6,,,
39ceaa71-db4c-4354-9f9a-d3d6ea12da9c,mining.work,resell,66,28,6,Dynadot Inc,28/11/2019 00:15,28/11/2026 00:15
f3309225-5bdd-4bec-9755-c1c01a08698a,mining.xyz,resell,66,28,6,"Go Daddy, LLC",02/06/2014 17:29,02/06/2026 23:59
5000de4b-e1b5-4887-bda6-a6cf77375761,mining.yoga,available,66,28,6,,,
f0ef2538-aeb1-4d5d-aa86-baf98bdf9e5a,mining.you,premium,66,28,6,,,
778ad6c7-9b66-43aa-bf3c-9382b6b8326e,mining.zip,premium,66,28,6,,,
4f2af914-b7d3-46f9-9501-ce3f439816f9,mining.zone,resell,66,28,6,"Xiamen ChinaSource Internet Service Co., Ltd",13/05/2018 03:40,13/05/2026 03:40
10149a6c-7394-4e3f-bec4-20fa278a69a9,milling.ai,resell,50,76,7,"NameCheap, Inc.",10/04/2025 09:39,10/04/2027 09:39
c605cc91-cc10-4eaa-9c0c-3a7cce798846,milling.app,premium,50,76,7,,,
3c7c968d-fde0-410c-b454-04d2f5a41a76,milling.at,available,50,76,7,,,
7fdec40d-2b7a-48ee-b346-3a0b5d14fca4,milling.cloud,available,50,76,7,,,
a78866be-807b-4d35-b94b-6f5b43add0ac,milling.com,expiring,50,76,7,1API GmbH,02/08/1996 04:00,01/08/2025 04:00
a2c6f9f1-0faa-44a0-a8cb-5b11e0e4f63d,milling.dev,premium,50,76,7,,,
9911ae94-de84-4651-92ba-eb73e0d139b3,milling.expert,available,50,76,7,,,
8803712e-c502-48c2-8062-92ccc43bcfa0,milling.gg,available,50,76,7,,,
f01d8349-0547-4e45-b25e-b752ac9448f8,milling.io,resell,50,76,7,Realtime Register B.V.,25/11/2021 07:25,25/11/2025 07:25
71239dfb-6da2-4ba2-9c77-9d6854f4aa0b,milling.it,expired,50,76,7,,,
1d996a5f-ce6f-4766-b094-35cb99aafa4c,milling.ninja,available,50,76,7,,,
62f2237e-42b8-4eda-83d6-11d56e8b8e29,milling.online,premium,50,76,7,,,
688b02af-d3ed-42e4-8b99-11498eeac849,milling.pro,resell,50,76,7,Epik LLC,12/05/2023 17:00,12/05/2026 17:00
d13a9d0d-4f2e-4c1b-a05b-2234a5d65cf9,milling.site,premium,50,76,7,,,
0af15e39-fcf9-49b1-bc4d-335fa41bbce5,milling.so,available,50,76,7,,,
b792021e-2f6b-4cf4-8733-15e73fb5181f,milling.space,premium,50,76,7,,,
67240a33-88f1-48da-b1ac-d6fc2f16bbe3,milling.store,premium,50,76,7,,,
484f998b-37b1-4b36-8206-873fb943f7d3,milling.us,resell,50,76,7,InternetX GmbH,24/04/2002 15:16,23/04/2026 23:59
50804c6f-053f-45b4-9350-b019a0d9d07c,milling.xyz,resell,50,76,7,Dynadot LLC,27/09/2019 18:53,27/09/2026 23:59
b5683a19-680a-47c1-9020-9a4d4c83f1b7,milling.zone,available,50,76,7,,,
f038cfc6-a18d-41a3-bf16-c1d4110edaae,screening.ac,available,70,11,9,,,
29e8ec2f-d752-4c77-9600-8a41f91f02cb,screening.academy,available,70,11,9,,,
2b365bbf-9aec-4ad0-8b42-6385b6316b12,screening.accountant,available,70,11,9,,,
924ef608-e5cf-41a9-ad7e-3752846ac3e1,screening.accountants,available,70,11,9,,,
33c26d78-eb7f-43ae-bdd4-d4a352639846,screening.actor,available,70,11,9,,,
ad32fa4a-e2a3-48a3-a1da-a58f8dd0e508,screening.adult,available,70,11,9,,,
eeaa4aea-c0fe-401a-a64b-55bdda4bae00,screening.ag,available,70,11,9,,,
3aeb59ac-f760-4f97-b060-39944ef92855,screening.airforce,available,70,11,9,,,
222bd02f-8d56-4c47-a45a-ef36d7a5c1e7,screening.apartments,available,70,11,9,,,
7d47cf59-100d-4fb9-bed0-b087b6055a0c,screening.archi,available,70,11,9,,,
95ff0f1e-3c3b-47db-a35a-2f75d71770d3,screening.army,available,70,11,9,,,
d1a41447-5f62-4ffb-a291-91847536c118,screening.art,premium,70,11,9,,,
251f339e-6714-4c42-bcf1-3d75c8d8478f,screening.associates,available,70,11,9,,,
50e04820-161f-440e-b68b-92e65c2bad4a,screening.attorney,available,70,11,9,,,
30ad4980-918d-4a3d-9d30-ffc5e7af6292,screening.auction,available,70,11,9,,,
74fcbbb0-9523-492e-bfe6-6319d7d9a76f,screening.audio,available,70,11,9,,,
345b6138-3f2e-4185-b38d-3ddfa85c0ba8,screening.auto,available,70,11,9,,,
7aa9bf8d-7467-46dd-824f-e22a60571ed9,screening.autos,available,70,11,9,,,
a648e4f3-2765-49e7-81cf-1571b0144b98,screening.baby,available,70,11,9,,,
4374979c-fc80-4d28-b9bf-4d0abad1e510,screening.band,available,70,11,9,,,
6d201eca-9bf3-46fb-8217-8d90a2645274,screening.bar,available,70,11,9,,,
719efde3-45fa-46b4-9bc6-1916611152af,screening.bargains,available,70,11,9,,,
5879560f-d59f-4973-8008-de8afe12de20,screening.bayern,available,70,11,9,,,
8e540c52-167d-4aa6-8de0-39930ff1b7b9,screening.beauty,available,70,11,9,,,
7a1018ae-4306-4c92-895a-dbc5ecadc38a,screening.beer,available,70,11,9,,,
60781328-fd8d-43a7-a453-8df4539053f7,screening.berlin,available,70,11,9,,,
75870c05-d9f8-434e-a1df-357648ff462e,screening.best,available,70,11,9,,,
e6775ffe-610f-42a8-9213-27db2539e4af,screening.bet,available,70,11,9,,,
372e6148-bb63-452d-b117-b3498aae3872,screening.bid,available,70,11,9,,,
8916631b-71e8-46ec-a65a-be57c8daa243,screening.bike,available,70,11,9,,,
9634782a-4958-4d49-9aa3-5b0eb1866caa,screening.bingo,available,70,11,9,,,
159c76b7-3819-4114-9b26-a8262ab9438f,screening.bio,premium,70,11,9,,,
0ebe597d-aec3-4969-bb19-641ee62dc48d,screening.black,available,70,11,9,,,
9f1ba544-b660-4480-a595-6fb86a1dfb21,screening.blackfriday,available,70,11,9,,,
81a80649-fcb7-49cf-8f54-d22fde1187a9,screening.blog,available,70,11,9,,,
a3f10392-2428-4e95-9ba7-00d709458101,screening.blue,available,70,11,9,,,
abc136c5-34ab-4440-b472-4ad8ba4336fd,screening.boats,available,70,11,9,,,
74b8f8b2-4a33-4eee-aa3d-3aca49191fec,screening.bond,premium,70,11,9,,,
25a78f5b-1458-4b9a-aaf1-64474bf31858,screening.boo,premium,70,11,9,,,
ed2a56ab-eb91-4feb-b4d3-f61fc8e0a0fb,screening.boston,available,70,11,9,,,
e0bd7af4-026c-4029-853f-b0fd26525fb6,screening.boutique,available,70,11,9,,,
be2d9bcf-f15b-4b74-bc3e-f5518e206d5c,screening.build,premium,70,11,9,,,
a6ddcfb0-3486-409a-a3bd-89f499ea5c38,screening.builders,available,70,11,9,,,
02b3d9f7-59a3-4270-88af-87160c250a89,screening.business,available,70,11,9,,,
7163498f-1905-48ba-939b-d94ac0ec2efc,screening.buzz,premium,70,11,9,,,
bc16d6c6-2495-4fe3-b9ac-e0878dad3d29,screening.bz,available,70,11,9,,,
9fd10035-192e-4614-8ebb-11eeef4b3983,screening.cab,available,70,11,9,,,
94b625e1-f7f8-42c9-8df1-193bca3cebdf,screening.cam,resell,70,11,9,"Spaceship, Inc.",23/10/2025 10:14,23/10/2026 23:59
dabf6d9b-057e-4b63-9172-211f15403c89,screening.camera,available,70,11,9,,,
e4f7ba8a-bbec-4784-88d6-d4aa6b99c530,screening.camp,available,70,11,9,,,
bc8fd7ba-66ac-4958-98c3-0041a70f486e,screening.capital,available,70,11,9,,,
112549a0-5d88-496f-b237-df24c6193d62,screening.car,available,70,11,9,,,
a3bb7d33-d263-4663-8e47-219357b72a82,screening.cards,available,70,11,9,,,
5a980ce6-7d49-4813-9d5f-ae31db21189e,screening.care,available,70,11,9,,,
46a0c9f9-902f-41b4-9bbb-345a8215df61,screening.careers,available,70,11,9,,,
45f0d862-2fce-434d-9f22-5eaf9274a199,screening.cars,available,70,11,9,,,
afc98092-3d97-4eb0-aef4-393b4953cc0d,screening.casa,available,70,11,9,,,
5db34b56-de6f-4f28-8e44-604c83e5f9ae,screening.cash,available,70,11,9,,,
b18712a9-277d-4980-953e-9f5f5087624b,screening.casino,available,70,11,9,,,
59758f95-936a-44a9-ae4f-b5cad79ebca8,screening.catering,available,70,11,9,,,
77b3d2b9-57b1-48f0-8efb-c8825e70219e,screening.center,premium,70,11,9,,,
46b18b36-d755-4d53-877c-815096bc7f8b,screening.ceo,available,70,11,9,,,
d528afea-a92b-4a63-9b7c-ca47e18f4567,screening.cfd,premium,70,11,9,,,
3c9f3934-020b-4525-be25-c5bb6f3d820d,screening.charity,available,70,11,9,,,
b3a13a78-b520-4a25-a83f-7c6eb6832b25,screening.cheap,available,70,11,9,,,
60e481e2-d875-4ffb-a752-f58cac7053ce,screening.christmas,available,70,11,9,,,
91d3a0c3-7c68-4564-9bbb-a676dc8e735a,screening.city,available,70,11,9,,,
8caef2ea-857a-48c3-a6fd-7c908cf2f780,screening.claims,available,70,11,9,,,
b09bc574-900a-4d7e-a773-e0329df2372e,screening.cleaning,available,70,11,9,,,
110e9a01-4ac1-4b17-8d61-e60986586814,screening.click,available,70,11,9,,,
e1c70033-1b4a-4a85-b39e-ce0cf1830c30,screening.clinic,premium,70,11,9,,,
ee17917f-71f0-41c5-b912-79aaf050fa22,screening.clothing,available,70,11,9,,,
6e263ef8-5ea4-46f4-bbcd-d563374dc9af,screening.cloud,premium,70,11,9,,,
969ee9dc-3dd7-4ee4-acc8-07ca390839ab,screening.club,premium,70,11,9,,,
626b9deb-5b96-4d78-8bb9-1df082d84894,screening.co,resell,70,11,9,"GoDaddy.com, LLC",20/07/2010 18:02,19/07/2026 23:59
8c0a2aae-4ce2-4b0e-9571-7a2d21147e89,screening.coach,available,70,11,9,,,
36054424-2eca-423e-aefc-1cd86ead0f89,screening.codes,available,70,11,9,,,
64fa3ee2-208a-4e00-ba25-3f75fe104498,screening.coffee,available,70,11,9,,,
a0dd7e23-eb0a-4a6d-bca1-8f135ebe982b,screening.college,available,70,11,9,,,
02eecdfb-b802-4998-b704-bdee3c771a9c,screening.community,available,70,11,9,,,
7d6a1e6f-5753-4fe5-99e2-6f055d10eda4,screening.computer,available,70,11,9,,,
f87b7b98-f7b3-4e56-9c05-60aee53e31b7,screening.condos,available,70,11,9,,,
25b389b9-f1df-42e3-a697-d98ae14c68cf,screening.construction,available,70,11,9,,,
76a69b2d-095a-47a5-82e7-47ea1d465bc6,screening.consulting,available,70,11,9,,,
a5d7b774-871f-4a0a-af68-eb5bebea828b,screening.contact,available,70,11,9,,,
5f84b421-6edf-4197-b928-0c011d1090a9,screening.contractors,available,70,11,9,,,
d15cd21f-880b-40b8-aeaa-2ef5ad650e3e,screening.cooking,available,70,11,9,,,
a8fac1f2-d183-44a1-8378-f03b34a46d58,screening.cool,available,70,11,9,,,
a586e3db-218c-4ecb-8810-caf62a19fbd6,screening.country,available,70,11,9,,,
8eb85aa5-d5e4-4c3d-87d9-26fed33f0bd2,screening.coupons,available,70,11,9,,,
b1334b80-330b-48e6-b84e-11839e7bbed9,screening.courses,available,70,11,9,,,
5a58fd0e-cea5-4be9-96b9-d7890ab146d5,screening.credit,available,70,11,9,,,
81374bfc-02b3-48c8-9276-9981020447ad,screening.creditcard,available,70,11,9,,,
a603f171-90b9-4301-aad7-0d9c61f97e5f,screening.cricket,available,70,11,9,,,
cbe0cff2-70db-4dc3-9413-7f63efad82c8,screening.cruises,available,70,11,9,,,
a11f4658-4170-42a0-ab68-caac435114c7,screening.cx,available,70,11,9,,,
9ef3d604-807c-424f-b200-7dc4e0c8450b,screening.cyou,premium,70,11,9,,,
988e3da9-c8eb-4ec3-8ca9-49a3144c1b68,screening.dad,premium,70,11,9,,,
8116ed62-b0e6-4a92-986c-889532c0fc72,screening.dance,available,70,11,9,,,
65b57e05-0136-4c9e-bae5-49eb4e497a92,screening.date,premium,70,11,9,,,
6944567f-2dfe-4e3f-9834-2e076679c9d4,screening.dating,available,70,11,9,,,
c11943f9-2899-4d08-b6cc-514efeff844e,screening.day,premium,70,11,9,,,
b50c099a-4947-4edc-80b2-31a4b49e7d08,screening.deal,available,70,11,9,,,
b6163c5a-52ae-46dd-a53b-7e78850eefcf,screening.dealer,premium,70,11,9,,,
a448df3c-5a8f-430d-8ac6-c464ccf1ec51,screening.deals,available,70,11,9,,,
77d57d42-b527-4dbd-8541-5d3b75a2b250,screening.degree,available,70,11,9,,,
cb091571-c360-4597-935b-6a5f3c924c7a,screening.delivery,available,70,11,9,,,
4868d4bc-82fb-469c-a02d-bf52a5b68d91,screening.democrat,available,70,11,9,,,
16dcfdcf-0e4a-467e-aac8-88ef13d6eed2,screening.dental,available,70,11,9,,,
b0b45cce-26f1-4933-b473-2a6f3fafa7be,screening.dentist,premium,70,11,9,,,
3f303566-e74a-41a5-b425-282e2ea411ed,screening.design,available,70,11,9,,,
ffb05535-7ac1-465b-985c-3d14f2b28c14,screening.dev,premium,70,11,9,,,
bc7892e9-664d-4c83-be7b-a8b6b3a584cd,screening.diamonds,available,70,11,9,,,
6b713742-3cb1-4f94-8773-ee7eac7d317c,screening.diet,available,70,11,9,,,
337a9464-5ecb-4742-982b-a4bcaca05d33,screening.digital,expiring,70,11,9,"GoDaddy.com, LLC",20/12/2021 23:00,20/12/2025 23:00
71ab2127-335c-4565-8309-b2bf39405010,screening.direct,available,70,11,9,,,
b5bf8f5b-c76b-4463-9529-0c75b3011de2,screening.directory,available,70,11,9,,,
6572fc8f-824c-4116-991f-e43fd888cb98,screening.discount,available,70,11,9,,,
b8e172c9-96c4-4bf7-ad69-fa75ee86b7f0,screening.diy,available,70,11,9,,,
c992fd4c-41fd-4c22-94c4-a407c914597f,screening.doctor,available,70,11,9,,,
3d247b3b-4446-4c8e-8026-3333dc3cb9a8,screening.dog,available,70,11,9,,,
6791899d-8149-4dc2-9f88-e3cfd05c1344,screening.domains,available,70,11,9,,,
af738f68-9af3-4b1c-aa29-c1ac814cdda1,screening.download,available,70,11,9,,,
d9e23374-0843-4702-8325-2d494d1776f0,screening.earth,available,70,11,9,,,
d7da8d8e-f3b0-4822-8221-083f004b6cea,screening.education,available,70,11,9,,,
074f98f8-3885-49d7-a965-ca473b1b89cb,screening.energy,available,70,11,9,,,
a795dea5-0b1e-4cb9-b76e-33cb6cd3582f,screening.engineer,available,70,11,9,,,
aec7398c-4d5f-4962-be56-67bef4dceb0b,screening.engineering,available,70,11,9,,,
6b3bb830-d896-439f-ade3-1036f85c938a,screening.enterprises,available,70,11,9,,,
173e6de9-d59e-4250-b45e-712d0203d8dd,screening.esq,premium,70,11,9,,,
414e6367-4840-4f3c-977f-74e4fa6c444a,screening.estate,available,70,11,9,,,
6146700f-c8b6-471b-b9b5-d12550cc2a4d,screening.events,available,70,11,9,,,
20856dca-322f-4cd3-ab75-3c054dfad589,screening.expert,available,70,11,9,,,
d01eb153-5839-45f2-9236-a22e49ec899b,screening.exposed,available,70,11,9,,,
b122fc00-a90c-4b81-8037-0f1ac1cb8679,screening.express,available,70,11,9,,,
c5903a9a-4984-43b3-8cdd-043a6c4cc417,screening.fail,available,70,11,9,,,
b626cb16-1849-4ef7-9681-b2e35c193afe,screening.faith,available,70,11,9,,,
19881382-7b45-4530-b1ff-b7a996262ca4,screening.family,available,70,11,9,,,
841d0feb-2e35-4cef-8d52-8d08a33cc737,screening.fan,available,70,11,9,,,
0cd4faa1-657a-44e1-adf1-5ade16de5e93,screening.fans,premium,70,11,9,,,
3a9bc087-e805-4ad5-85bc-86d010af02c7,screening.farm,available,70,11,9,,,
70e5b8da-8fff-411e-8645-59af36fbd5ea,screening.fashion,available,70,11,9,,,
b6f1c367-3fc0-41a0-82f6-de8809fa5d7a,screening.fast,premium,70,11,9,,,
33200b75-6ff4-403f-823b-cf4ea395dbf0,screening.feedback,available,70,11,9,,,
a2ed4fcd-2696-4088-99fd-8bfc65bb84c5,screening.film,available,70,11,9,,,
7f2b4cfb-2072-4c48-8a39-1accac3741d8,screening.finance,available,70,11,9,,,
f101f3a2-1258-4ee1-836b-078e9fb19bbe,screening.financial,available,70,11,9,,,
a76ad0f1-9a59-434f-9a5c-fd97923f8c61,screening.fish,available,70,11,9,,,
92395e5d-3fee-4409-8411-4adbfcb55022,screening.fishing,available,70,11,9,,,
e8a7a0bc-66da-4c16-9baa-ced1ebc86734,screening.fit,available,70,11,9,,,
d3883ad4-377b-400b-8773-4c6ee4293087,screening.fitness,available,70,11,9,,,
9c740197-4459-473a-8ba0-db41e725c6cc,screening.flights,available,70,11,9,,,
f0e2570a-7a2c-4ee4-a83a-e319d3cea15f,screening.florist,available,70,11,9,,,
f7183038-8877-48d2-9c1d-7c8c4ed905f9,screening.flowers,available,70,11,9,,,
61e6a4d5-ec02-4e18-9431-a229eb3b16d6,screening.fm,available,70,11,9,,,
574ed171-6663-4f4b-8a3a-40f7467d13e0,screening.foo,premium,70,11,9,,,
3f25736c-1151-4c61-8200-93ebb7077917,screening.food,available,70,11,9,,,
be9ef191-759e-412a-baaa-199519e89831,screening.football,available,70,11,9,,,
d041de22-f7f3-42e4-8449-14b11dce15d7,screening.forsale,available,70,11,9,,,
f1cccef2-40b4-4540-81af-15a6b5e555f1,screening.forum,available,70,11,9,,,
996b0e16-83eb-4bb5-a2fd-60e38a73f855,screening.foundation,available,70,11,9,,,
766bec9f-b048-4966-83d7-892748f96f46,screening.free,premium,70,11,9,,,
5b58361c-8678-4976-86fd-dcbd13d6ae6c,screening.fun,premium,70,11,9,,,
89ea2a1d-fbc3-4db3-b771-37cb4b1aa07f,screening.fund,available,70,11,9,,,
50845c9c-a8f7-48f7-b271-1ae5513ba419,screening.furniture,available,70,11,9,,,
d3a772e9-1df0-4871-bf7a-a719b4c614aa,screening.futbol,available,70,11,9,,,
b53af92d-fcc6-4475-98a6-0acbad22fe49,screening.fyi,premium,70,11,9,,,
0044457d-f595-42d1-bc4d-6d9c343f6a66,screening.gallery,available,70,11,9,,,
71a4fae6-8e53-41d3-9d05-2c698bdba1f3,screening.game,available,70,11,9,,,
85bf6775-d04f-4b85-a7ee-404567c09a37,screening.games,available,70,11,9,,,
fd5bcc5e-442f-416a-8095-0966ddb843a7,screening.garden,available,70,11,9,,,
17ec2d00-0458-4b5e-b99f-b629729bd2c2,screening.gay,premium,70,11,9,,,
6b287093-d991-4a09-87fa-a57fe936c02e,screening.gg,available,70,11,9,,,
978be57d-d5c4-4b56-b224-fb81f98cede6,screening.gift,available,70,11,9,,,
305cff7e-6bfd-4257-a325-cf1bd79c4395,screening.gifts,available,70,11,9,,,
bbd9340d-389a-4c5c-8ade-25501837c9a1,screening.gives,available,70,11,9,,,
ec9bf6a0-7cc0-40f4-a55e-af6d7390e51b,screening.giving,available,70,11,9,,,
1dbe1c1e-bffc-4037-893f-775e46f57ba4,screening.glass,available,70,11,9,,,
8729670e-aa4b-43ba-9ee6-475c9cb5fa56,screening.global,expiring,70,11,9,"GoDaddy.com, LLC",11/12/2019 13:03,11/12/2025 13:03
c7fd94fc-44db-428f-b752-92e8008445be,screening.gmbh,available,70,11,9,,,
f87f5ca5-8966-40d1-a912-7a6f0b919a3d,screening.gold,available,70,11,9,,,
10a3414f-3598-4ba5-bb45-98c28600c214,screening.golf,available,70,11,9,,,
aebedb91-3640-4bfd-b373-03d2e20e12d3,screening.graphics,available,70,11,9,,,
f9e06eb7-8a70-4ad2-a220-e67374556f1f,screening.gratis,available,70,11,9,,,
7ac46cc4-aad9-46e0-9e05-91a2e10225dc,screening.green,expired,70,11,9,"GoDaddy.com, LLC",11/10/2022 11:21,11/10/2025 11:21
800d3997-5beb-4330-8779-40f83c53fdf1,screening.gripe,available,70,11,9,,,
b2327f12-6405-4d90-bf9b-98efc2e51d74,screening.guide,available,70,11,9,,,
8b0d3775-9d65-4565-a838-9e7ef887bb59,screening.guitars,available,70,11,9,,,
3f141192-5607-46c5-9b14-36e91a28e974,screening.hair,available,70,11,9,,,
23fd0565-0681-4042-befc-2ec5e2f2b44e,screening.haus,available,70,11,9,,,
08564885-e5ad-4991-8979-6339565af518,screening.health,premium,70,11,9,,,
c86fb970-17d8-4f5f-bac1-0176270228da,screening.healthcare,available,70,11,9,,,
d0124f91-d38f-459d-a40f-8827fff962c3,screening.hiphop,available,70,11,9,,,
abc3d2c5-c08e-4059-9703-aa38b65111d7,screening.hiv,premium,70,11,9,,,
eedc2af4-2523-4849-8455-cfd05d28f1cf,screening.hockey,available,70,11,9,,,
392a96b7-5f31-4f3f-96fc-fdf5f9bd301d,screening.holdings,available,70,11,9,,,
f68f9fbb-5e05-4e00-8737-3f19fca9ed1f,screening.holiday,available,70,11,9,,,
b748dd21-6553-4cca-aa63-cb5f68cff3c8,screening.homes,premium,70,11,9,,,
b61001ca-8949-42a5-b925-7f04d473a734,screening.horse,available,70,11,9,,,
1482fb31-4d38-4ef1-ad58-e2374d3ad494,screening.hospital,available,70,11,9,,,
ef7d297a-ac19-4ef0-b8fe-aab2befb9252,screening.host,available,70,11,9,,,
81f2de23-13c2-4882-88b6-8e9937851e88,screening.hosting,available,70,11,9,,,
7d1b74f2-1a08-4ed5-881b-01732f346a15,screening.hot,premium,70,11,9,,,
0012ebbc-b976-4ab2-b3e7-aae40300cc25,screening.house,available,70,11,9,,,
900b1359-c93c-49cf-be52-393148181ece,screening.how,available,70,11,9,,,
f892f1b7-745d-46fd-95d8-31c38843a0e4,screening.im,premium,70,11,9,,,
fab1b6df-7109-4fcd-bf43-82dc332fe72c,screening.immo,available,70,11,9,,,
25b1a458-db84-438f-9c29-fe24f22cc285,screening.immobilien,available,70,11,9,,,
59146e47-c3aa-437c-93af-5ef3ee7ad0c8,screening.inc,premium,70,11,9,,,
62d6eb20-9d52-4542-a7cd-9517a3ae34fa,screening.industries,available,70,11,9,,,
055b3cde-a017-4de5-8696-c495854becff,screening.info,resell,70,11,9,"Spaceship, Inc.",02/12/2016 10:08,02/12/2026 10:08
60a4c037-dba0-4e1b-a802-12a7f5eda683,screening.ing,premium,70,11,9,,,
310b0ad8-28e2-4ecf-8ed9-e0cb221f9811,screening.ink,available,70,11,9,,,
3223dd0a-c72f-440d-a6bd-41a7be4ee267,screening.institute,available,70,11,9,,,
8b8f94d1-ed87-4d2d-a6ab-050dfaa57f2a,screening.insure,available,70,11,9,,,
3ea686ec-e2bf-4ad6-b6df-c253b5eaff2e,screening.international,available,70,11,9,,,
2582e08f-7777-4c1e-8877-7ed0ad31060f,screening.investments,available,70,11,9,,,
fc3aa382-b7bb-4175-aad8-7060e4cbb446,screening.irish,available,70,11,9,,,
bdae7417-cfe7-4ce0-a264-15c62ad6a576,screening.jetzt,available,70,11,9,,,
513aa2a6-3594-48ae-ba5d-5480725f7c16,screening.jewelry,available,70,11,9,,,
4222620c-0594-43f0-883d-e02606d96a34,screening.juegos,available,70,11,9,,,
23baab1b-5598-4345-bf3a-a0ca479d36a9,screening.kaufen,available,70,11,9,,,
541cee0f-7426-4fb9-b5fd-518039f51489,screening.kids,premium,70,11,9,,,
edfca766-af67-44b7-8f5d-457b9e12641e,screening.kim,available,70,11,9,,,
76690978-d8dd-4ae6-b6b4-74c96be58457,screening.kitchen,available,70,11,9,,,
5e0003cb-132d-4309-a437-6568121beba2,screening.la,available,70,11,9,,,
7eb7cc29-21b0-4755-93d9-4eedccee9b08,screening.land,available,70,11,9,,,
a47ec1c0-17fd-4097-b041-8ac294d05899,screening.lat,available,70,11,9,,,
04f0a2dc-1162-4f66-9a78-ff7e8e252924,screening.law,available,70,11,9,,,
648772b1-26fc-467b-badb-c75b5f146119,screening.lawyer,available,70,11,9,,,
0addc2bf-9834-4495-a4cd-15ccbd622e5f,screening.lease,available,70,11,9,,,
03d040bf-af39-4bc6-a8c2-7129d3d877ee,screening.legal,available,70,11,9,,,
83cf15a1-9db5-40fc-81ee-34c3d007af1a,screening.lgbt,available,70,11,9,,,
b5c556cc-11af-4cd8-9517-b482bdd9dcea,screening.life,resell,70,11,9,"DNSPod, Inc.",11/11/2018 13:47,11/11/2026 13:47
93f184ef-37e5-4028-ade3-0c5d1ff8b121,screening.lifestyle,available,70,11,9,,,
1b668da1-4ca2-4a4f-8c81-41ea7df7e6df,screening.lighting,available,70,11,9,,,
05915db0-df12-40fe-bec7-184b67c6bffc,screening.limited,available,70,11,9,,,
e43c41c0-951f-46e2-93e2-8ec59272fb29,screening.limo,available,70,11,9,,,
2725ff8e-f92e-4baa-8636-a941a95c8d3a,screening.link,premium,70,11,9,,,
1578b701-0910-478d-8f85-5fcf6f2cdda3,screening.living,available,70,11,9,,,
f4e03335-d873-49cc-90b7-ff7569c055c9,screening.llc,available,70,11,9,,,
8cb5bdc6-a33b-4db6-83d5-22a944d7dca5,screening.loan,available,70,11,9,,,
e4460499-d1c4-4176-a68a-34a4b1bdc030,screening.loans,available,70,11,9,,,
63c71d78-c82f-46e3-84d2-2d7ed0b6d766,screening.locker,available,70,11,9,,,
24ccf853-1ad3-4433-96b1-cab2853407d7,screening.london,premium,70,11,9,,,
5421bab2-efd0-41f4-8659-b36fbe005cf1,screening.love,available,70,11,9,,,
b0131b73-286d-4c57-9be5-f30457ff3b43,screening.ltd,available,70,11,9,,,
6380f69d-7795-4563-844f-65df38e37e85,screening.ltda,available,70,11,9,,,
2496e062-20ee-48cd-9004-2f2795b2bcff,screening.luxe,available,70,11,9,,,
1f7c1976-200e-4b61-85dd-0f985bf80173,screening.luxury,available,70,11,9,,,
0f5266c2-b8c4-43ff-bc37-d0d6c9ba0174,screening.maison,available,70,11,9,,,
6c8bb213-0db6-4615-b12b-8d82e4ea6b19,screening.makeup,available,70,11,9,,,
6d1c55eb-f383-42dc-9091-9f69ea57dd14,screening.management,available,70,11,9,,,
8e3a9e73-d9bc-49fc-90c8-6d4b08288427,screening.market,available,70,11,9,,,
d3f6a301-91a4-4a20-a8c1-278348ef4539,screening.marketing,available,70,11,9,,,
3c8d4c1c-a8ef-4de9-92da-e2656d559c20,screening.mba,available,70,11,9,,,
d8b19c1a-af7c-4966-969f-81b01c540cc7,screening.me,resell,70,11,9,"GoDaddy.com, LLC",17/07/2008 17:27,17/07/2026 17:27
bc37440f-894d-4e00-a73f-c67be95710f5,screening.media,available,70,11,9,,,
aa6bee76-36f8-42c9-b8ca-8dad8fd46bf1,screening.melbourne,available,70,11,9,,,
5f059e04-d719-4675-8445-6f6b07bd55fc,screening.meme,premium,70,11,9,,,
3c811bb0-d2f0-4f70-920d-f6276843d595,screening.memorial,available,70,11,9,,,
00b75482-1a5a-4eab-a3b0-af47a55ff709,screening.men,available,70,11,9,,,
2708952e-a6b0-4829-a850-ad4a4c21dbc8,screening.menu,available,70,11,9,,,
f3550e1c-28c5-4ac9-af95-62100558429d,screening.miami,available,70,11,9,,,
977446f0-0ec6-4a95-b07b-ed2e7691a978,screening.mobi,available,70,11,9,,,
576243af-fb82-4eaf-97ce-ae039ef21fa7,screening.moda,available,70,11,9,,,
f0d78089-a7aa-456c-8760-f8d6fc75ec60,screening.moe,available,70,11,9,,,
80d0d92b-8f03-4596-a703-ccf738600d28,screening.mom,available,70,11,9,,,
17a2c7af-bb08-4055-8654-df4614e72b7f,screening.money,available,70,11,9,,,
f8e29b8f-2b0d-4416-9fbc-7785fed8a69e,screening.monster,available,70,11,9,,,
d66ff85e-f1f1-4a3f-b00e-9e8a57f96112,screening.mortgage,available,70,11,9,,,
71853ec2-d035-4155-98f6-957f94224e5a,screening.motorcycles,available,70,11,9,,,
d97e93b6-86e2-4dcb-9a12-1d71b420956f,screening.mov,premium,70,11,9,,,
c767b407-896b-44e4-81d3-e96ae6e77ea2,screening.movie,available,70,11,9,,,
ca2d8774-c2eb-4f19-863f-75088fd54a49,screening.music,available,70,11,9,,,
73b112d4-d814-4e73-a7e3-3ed03e75bf39,screening.mx,available,70,11,9,,,
49e7765c-b67b-493d-9f7e-d68bb458dae9,screening.my,expired,70,11,9,Gransy s.r.o. d/b/a subreg.cz,07/10/2024 12:34,07/10/2025 12:34
961a9071-2e19-4ac1-81d8-5a172ffb4912,screening.name,available,70,11,9,,,
523e8599-fa62-4bd5-a730-d2abb43fded4,screening.navy,available,70,11,9,,,
f009b1f2-5aee-4346-897a-7a23c8637d3e,screening.network,available,70,11,9,,,
63f5c1b4-512f-4328-9963-16dc7e25a613,screening.news,available,70,11,9,,,
f922e857-903d-4eef-aea6-ea046a2cb5a3,screening.nexus,premium,70,11,9,,,
af8bcbea-441c-4f4e-83bf-e62a8ea1736b,screening.ngo,available,70,11,9,,,
858cc351-5812-4734-9762-44418101987e,screening.ninja,available,70,11,9,,,
ce759f51-dd62-4822-8741-8d752efd2dc4,screening.now,resell,70,11,9,Dynadot Inc,14/02/2025 00:31,14/02/2026 00:31
b70ab75c-1ab1-4a2b-9b56-a4726a2bd573,screening.observer,available,70,11,9,,,
76a3f163-6866-4513-a9c5-0913592284f1,screening.ong,available,70,11,9,,,
3c2f57d7-6a61-4036-bb3c-575771ebbe4e,screening.onl,resell,70,11,9,Dynadot Inc,19/04/2025 19:53,19/04/2026 19:53
f2a655d6-750e-43d9-ba31-b1c7332ef4ed,screening.ooo,available,70,11,9,,,
1b8e32d3-96d2-41eb-bf0f-fd9179042c89,screening.org,sold,70,11,9,Dynadot Inc,09/05/2000 11:15,09/05/2027 11:15
93527c4e-42c5-40aa-9316-768b36a93c97,screening.organic,available,70,11,9,,,
1218ea26-f11a-45ab-b3f3-48f032d88230,screening.osaka,available,70,11,9,,,
08824e24-6d20-43d3-93cb-7957b6a819fa,screening.page,premium,70,11,9,,,
db4dd2d2-5a0c-4905-8166-8a00e35e6e2d,screening.partners,available,70,11,9,,,
ba35a0a1-2abc-42c8-9c34-b03142ae476c,screening.parts,available,70,11,9,,,
b9e9e018-2cc4-4ab8-8a7e-c09031c2b8ba,screening.party,premium,70,11,9,,,
f2a6337e-5f2a-4f85-8f11-3d29dd82950f,screening.phd,premium,70,11,9,,,
06f38562-45c2-44da-ad71-3bb5d41153eb,screening.photo,available,70,11,9,,,
3f076ef1-3682-4141-940b-cc2d886209f4,screening.photography,available,70,11,9,,,
c9abfa41-65c1-4d02-8937-dbd1f717aa20,screening.photos,available,70,11,9,,,
9757ed85-d79f-4cce-a672-6f2f8dc607f3,screening.pics,available,70,11,9,,,
2fc398d3-1c0c-4857-b31a-b1a108489c49,screening.pictures,available,70,11,9,,,
fe8dc08e-6deb-42ca-bc62-a7da680e55f9,screening.pink,available,70,11,9,,,
cc00b030-d98c-4bc5-882f-bd1bfd84c980,screening.pizza,available,70,11,9,,,
574fc4f3-7144-4725-b4fd-3dc00ad7c114,screening.place,available,70,11,9,,,
c5df56f5-a65b-4897-a1ee-a29b4bc86dbf,screening.plumbing,available,70,11,9,,,
b3d69b38-9f54-41d6-a3b1-26f0596cf585,screening.plus,available,70,11,9,,,
165a6516-a636-4e10-96d3-56a89dee44fd,screening.poker,available,70,11,9,,,
cbf36d11-84e0-48e5-88ea-38cc9c248733,screening.porn,available,70,11,9,,,
2460933a-2d1b-483a-a8a2-88b07cd9850a,screening.press,available,70,11,9,,,
f86da1ea-83e8-4d60-83bb-fa697872703a,screening.pro,resell,70,11,9,"Sav.com, LLC - 9",09/08/2025 15:15,09/08/2026 15:15
dc16d4d8-5f64-42f2-82c1-fca9ee5fc7e5,screening.productions,available,70,11,9,,,
257f220b-30c3-4d7d-8309-2285469d5a9e,screening.prof,premium,70,11,9,,,
7e901e98-20a2-4e7f-899d-0b29c24bff93,screening.promo,available,70,11,9,,,
93d6b7db-50d3-4e0b-99c0-43b11c94a17d,screening.properties,available,70,11,9,,,
302aeb41-3c77-46d2-89e3-a81107471b47,screening.property,premium,70,11,9,,,
8039a153-0b4c-4c25-af1a-2d4976fd4786,screening.protection,available,70,11,9,,,
f6e11c82-98e5-4a7f-9180-738e05c95433,screening.pub,available,70,11,9,,,
979152d9-cc7d-43f3-86e6-5e886b37ee8a,screening.pw,available,70,11,9,,,
2f9d51ca-36c0-47c6-9ab4-b77e639739d7,screening.qpon,available,70,11,9,,,
2cc1475e-05b4-4d6d-9453-3f68597e0cf2,screening.quest,available,70,11,9,,,
05f04310-54a0-4c94-afa6-c8563069b377,screening.racing,available,70,11,9,,,
edc5da24-0d71-419c-a6c4-cbf26b769409,screening.realty,available,70,11,9,,,
63dc9b15-3d0c-4c0b-bc1d-676d8ac9adde,screening.recipes,available,70,11,9,,,
8202650f-3204-4873-a29b-18aaba3411c1,screening.red,available,70,11,9,,,
d60d6582-06f9-40b0-8741-060609e25532,screening.rehab,available,70,11,9,,,
70894a31-ea5c-43b8-832b-da0ccfe39760,screening.reise,available,70,11,9,,,
8b72cb29-0279-4253-a8b2-3afe4f3b7cf7,screening.reisen,available,70,11,9,,,
dc7181cd-3d9e-4f75-a06d-0bf2beaf349f,screening.rent,resell,70,11,9,"Go Daddy, LLC",15/04/2022 18:39,15/04/2026 23:59
2eab9d38-159f-41fd-b46b-de8780d5400b,screening.rentals,available,70,11,9,,,
58c8efe3-8faf-4b76-8e25-29cab1cfdbb2,screening.repair,available,70,11,9,,,
edd8bd1a-4d83-41da-b82c-3742ffe5fdd5,screening.republican,available,70,11,9,,,
8fc26507-2494-4d86-828e-d1b7508a07b5,screening.rest,available,70,11,9,,,
ba695543-6bdf-4189-ad72-b78ecf2a5ea7,screening.restaurant,available,70,11,9,,,
3c9c13e8-aa91-400d-bc0a-5c0f1da2e4ec,screening.review,available,70,11,9,,,
acec12d8-f3c4-432a-b8a3-388308b7307c,screening.reviews,available,70,11,9,,,
6e11ad97-6354-42ac-97b8-c26f8a970d93,screening.rich,available,70,11,9,,,
74f8076e-e882-4028-b001-20c80cb60bd7,screening.rip,available,70,11,9,,,
400b4fa5-236a-4e2d-895a-040ec2b03b36,screening.rocks,available,70,11,9,,,
84d804dc-f28b-4e0b-a662-1cb224a53b66,screening.rodeo,available,70,11,9,,,
a8fdda45-f02f-4bac-83df-64fe600be4a6,screening.run,available,70,11,9,,,
f84a16d0-1ae7-4edb-b219-84b9049f5ff4,screening.sale,available,70,11,9,,,
5cc14e86-1d12-4189-bf3e-f1313e3205f3,screening.salon,available,70,11,9,,,
aab7515d-0ad4-4bcd-9e92-e5008d3152a7,screening.sarl,available,70,11,9,,,
19522c4f-aa80-49a1-93b2-85a61fd11eef,screening.sbs,premium,70,11,9,,,
e404396e-10cf-482d-8141-c4b8ab892617,screening.schule,available,70,11,9,,,
425a8aa1-c833-4c54-aee5-b28f2b36f855,screening.science,available,70,11,9,,,
32ef3d16-d2ad-4f22-b2ae-a2e9bf92832a,screening.security,available,70,11,9,,,
9527e742-ec13-4625-9bc3-ac7e79315fa1,screening.services,expiring,70,11,9,"GoDaddy.com, LLC",15/12/2015 15:55,15/12/2025 15:55
29113ea3-7f7f-4119-bdd4-4aa878b9acdc,screening.sexy,available,70,11,9,,,
31e04acb-69ad-4c0b-9ad8-54e64b671f08,screening.shiksha,available,70,11,9,,,
7d62b803-d2ce-47e3-95c4-a2dda7e91327,screening.shoes,available,70,11,9,,,
8915eb98-12a9-468c-a320-09d3a2bb6b9c,screening.shopping,available,70,11,9,,,
6f505989-4b10-4ff0-b15a-82a12c989158,screening.show,available,70,11,9,,,
4bfcc8f4-e6d2-459c-9077-427892d5ec54,screening.singles,available,70,11,9,,,
e1c7d71e-ba82-440e-b3c6-63fe83fa77ba,screening.ski,available,70,11,9,,,
689d46ff-44fe-4589-8e7c-59e4f40051a2,screening.skin,available,70,11,9,,,
01f2a8e9-25a8-4b1f-ac43-01192ec971f4,screening.so,available,70,11,9,,,
6f486f74-f1ea-475f-aa28-e547c000d641,screening.soccer,available,70,11,9,,,
c3ce71eb-4e21-4704-96b4-07b27b7fefe8,screening.social,available,70,11,9,,,
7fdef627-82a4-4ce9-ac1b-6e75c94f5d9d,screening.solar,available,70,11,9,,,
cd50b978-d26a-4f3a-871c-05cd622d99c0,screening.soy,available,70,11,9,,,
ecaa32b9-4586-4d9d-a419-860e2432a5a3,screening.spot,premium,70,11,9,,,
b652cfcc-0702-44d1-8eec-8997d1ac7f78,screening.srl,available,70,11,9,,,
c7d661a8-e4bd-4a7d-9786-c5fe3f87ce30,screening.storage,available,70,11,9,,,
135de0ae-dbf5-4afe-a597-3018802f0031,screening.store,premium,70,11,9,,,
061acb77-2d49-401e-92f6-81f9ac031b12,screening.stream,available,70,11,9,,,
26c3a8ec-15f4-4e60-b57d-0f8f587d127b,screening.studio,available,70,11,9,,,
fa2f9115-e120-4e03-87e0-044c2e72c014,screening.study,premium,70,11,9,,,
9fe8ec6b-ebec-41d1-b17c-26e3756d784e,screening.style,available,70,11,9,,,
e176af2b-2d5b-4cc0-946d-1e9a3ae0f7aa,screening.sucks,available,70,11,9,,,
29ebd2ec-fc05-4206-95a9-aaa3e220b902,screening.supplies,available,70,11,9,,,
7531812b-4035-40a9-95a2-df7c02b14241,screening.supply,available,70,11,9,,,
5c8efa4c-22ca-4b2d-853f-f1fc34f55bed,screening.surf,available,70,11,9,,,
480dda4e-6452-454c-9369-e5849d253775,screening.surgery,available,70,11,9,,,
a971d15b-3da1-4fa8-95c1-607314582350,screening.sydney,available,70,11,9,,,
0a9d3cdd-0acb-4774-987d-1ee30939eb5f,screening.systems,expiring,70,11,9,"GoDaddy.com, LLC",14/12/2015 21:36,14/12/2025 21:36
7c766da4-22ca-4359-92e6-2a7c607d6f42,screening.talk,premium,70,11,9,,,
b9f2b8d6-a1e5-4393-b6a7-bfd8c1d7b1a2,screening.tattoo,available,70,11,9,,,
a5a9c69c-6f0d-49e6-ae56-1a7f7073eeab,screening.tax,available,70,11,9,,,
131d11e2-31ac-4482-81d4-e9b0e340c045,screening.taxi,available,70,11,9,,,
30325fe9-67c5-495e-af18-657105506172,screening.team,available,70,11,9,,,
2125a448-e4a0-4ad1-84e2-2b87ff2b7ed8,screening.tech,expiring,70,11,9,"Xiamen ChinaSource Internet Service Co., Ltd",19/12/2020 21:03,19/12/2025 23:59
22276afa-f1a9-421b-b166-e03ea81ddb0f,screening.technology,available,70,11,9,,,
65cb736c-8bd2-463a-a71c-b098f6feaebe,screening.tel,available,70,11,9,,,
2b39fa79-2c64-4b16-89ef-87a456054221,screening.tennis,available,70,11,9,,,
e6662aa4-f6e4-414a-aa6a-89a9c536d4b3,screening.theater,available,70,11,9,,,
f043386f-d39f-4c00-8bd2-fe0126ffb9b8,screening.theatre,available,70,11,9,,,
c75f40d6-6b00-405b-8f5d-d1ffbe1a8bdd,screening.tickets,available,70,11,9,,,
6b1a7391-260d-4318-8859-a4cd6efb6bfc,screening.tienda,available,70,11,9,,,
e0a25dd9-182f-4f16-86f7-f53d81fe2566,screening.tires,available,70,11,9,,,
9634f86d-1d6c-401d-9581-27e178f7b45a,screening.today,available,70,11,9,,,
7a81c27b-1e27-4ee0-9b50-0893be072151,screening.tours,available,70,11,9,,,
3be87c44-0e5b-4106-8b86-835117fcb4c3,screening.town,available,70,11,9,,,
2bb756d5-7313-4512-a42f-71197a4bc6de,screening.toys,available,70,11,9,,,
b46ff540-26ae-47f9-8522-964bd1610d26,screening.trade,premium,70,11,9,,,
6237cc5c-37e3-4d0f-a726-d57b13c4739a,screening.training,available,70,11,9,,,
601d6bbc-a946-4b6f-8184-7b25b94ee0c4,screening.travel,available,70,11,9,,,
145946d3-1272-4ad1-a326-1c27033a06d9,screening.tube,available,70,11,9,,,
1fff1767-65f1-4001-8baf-800dbce5f9fc,screening.university,available,70,11,9,,,
89c6d952-65de-4248-8433-8cd9f5ab78e9,screening.uno,premium,70,11,9,,,
ace31f68-d0ea-47d4-8e77-9968c7160e77,screening.vacations,available,70,11,9,,,
949a3428-f936-4ce0-a952-04939e8bc741,screening.vana,available,70,11,9,,,
6e7d469e-b609-4848-9624-41db2174fc7d,screening.vc,available,70,11,9,,,
3b248bea-8929-4157-a375-a334babce013,screening.vegas,available,70,11,9,,,
ccfbd39e-a2ba-49ec-a34b-65fa4acf2a8d,screening.ventures,available,70,11,9,,,
a8eb34e4-95d2-407e-bf74-971c0a15972d,screening.vet,available,70,11,9,,,
af4730af-36b3-47f1-8bd3-eb367e7b5f2b,screening.viajes,available,70,11,9,,,
7d0e0a47-6124-4409-80a4-f0eee7c00c5d,screening.video,premium,70,11,9,,,
622e2e12-3c84-45f6-b418-40ef92349dfb,screening.villas,available,70,11,9,,,
d92a7fc0-9636-45ed-99c4-476871aca2bf,screening.vin,available,70,11,9,,,
64575f33-301c-4b21-80c5-997ad9eb00ad,screening.vip,premium,70,11,9,,,
3ac30aa2-7726-4dde-8a9a-a6f6d6df5a67,screening.vision,premium,70,11,9,,,
9a5cd0e8-e786-4f68-9cbe-36447d696ffb,screening.vodka,available,70,11,9,,,
e07eeb0b-d9cf-4678-afe6-38020ce0d3ab,screening.vote,available,70,11,9,,,
aab1a4f9-ddc0-4bff-ac23-4d861b90c385,screening.voting,available,70,11,9,,,
2e90c4eb-4b94-44a1-9d23-586fb7ced6e1,screening.voto,available,70,11,9,,,
9a68e95b-7830-4c5a-966a-a0e092ce3f44,screening.voyage,available,70,11,9,,,
ea99e6ad-517f-4671-8132-27b56aaf0b8b,screening.watch,available,70,11,9,,,
c51fdb9e-9c27-42c0-ac55-e463f8543375,screening.webcam,premium,70,11,9,,,
66072766-b7b4-44a9-b58d-15eebbc3e9f1,screening.wedding,available,70,11,9,,,
38d20559-b0e5-4456-b623-862b09c9e51e,screening.win,available,70,11,9,,,
c79688b7-6170-4260-86a1-ab08af68ac87,screening.wine,available,70,11,9,,,
7d195515-bdb3-439b-a1eb-105de0750857,screening.work,expiring,70,11,9,CommuniGal Communication Ltd.,19/12/2024 00:00,19/12/2025 00:00
9936c884-8850-4404-94b3-56d6148aea39,screening.works,available,70,11,9,,,
f2075b12-ce56-47b2-853f-ac2d62f0648b,screening.world,resell,70,11,9,"Xiamen ChinaSource Internet Service Co., Ltd",11/01/2025 15:15,11/01/2026 15:15
29ad5756-2d1c-4297-9c4e-80a828da8194,screening.wtf,available,70,11,9,,,
630eba95-d437-4323-b624-b381c1eb9c0b,screening.yachts,available,70,11,9,,,
249fc3bb-7177-4450-9c37-181d44abcedb,screening.yoga,available,70,11,9,,,
be7ffe42-98a9-458c-9ef4-bd2c072dd851,screening.you,premium,70,11,9,,,
00e6c307-eda1-49c7-9e3d-b10a71365fc6,screening.zip,premium,70,11,9,,,
8e30eebb-b110-44b9-b1ae-3118f8dc22e1,screening.zone,available,70,11,9,,,
98c1f1d0-2316-46a5-a970-3262e0aa3d04,classification.at,available,64,80,14,,,
9e020f68-138f-4c8a-994e-91d5b257afbf,classification.co,resell,64,80,14,InternetX GmbH,05/06/2014 18:02,04/06/2026 23:59
8264dcc0-0858-4ca6-830b-8c7b65ea2355,classification.com,resell,64,80,14,"GoDaddy.com, LLC",20/02/2000 11:47,20/02/2030 11:47
9506517b-01d9-44b8-8fb5-b2b85a0ed514,classification.dev,premium,64,80,14,,,
10c60647-38f7-4863-bf3e-0a0d19ab4df1,classification.expert,available,64,80,14,,,
5bb83857-07fe-4dea-bc84-bc672852025a,classification.gg,available,64,80,14,,,
84f8e8bb-fc8c-4ad9-a005-48de5546ef3e,classification.it,resell,64,80,14,,02/08/2012 17:02,05/09/2025 00:00
b97ffc88-964d-49ad-95b8-fa43adf3ef51,classification.ninja,available,64,80,14,,,
54bd0bcb-bdbd-442f-ac23-4d6607c2de12,classification.online,premium,64,80,14,,,
dc097aa2-7bb4-4b0e-965d-14168bc3126d,classification.site,premium,64,80,14,,,
aa4335fe-b19e-4cee-84d8-d3a834d6f82e,classification.so,available,64,80,14,,,
51580345-62af-44be-81eb-ea1d85d16a0b,classification.space,premium,64,80,14,,,
73fd83a2-7d24-47ca-9d96-847eb28a096d,classification.store,premium,64,80,14,,,
c7aab98d-ff3c-41ed-9cb5-8963050d8ce3,classification.tech,premium,64,80,14,,,
2fc334cd-703f-4fec-9462-839ddc764d6c,classification.zone,available,64,80,14,,,
af1ab49c-e8df-4a88-a741-dea117b069a5,refining.app,available,58,80,8,,,
ccde713b-828e-4dc2-b45b-771de2d5da95,refining.at,available,58,80,8,,,
f103c358-c714-43ec-b609-cb67e6794e47,refining.cloud,available,58,80,8,,,
761d438e-bb7a-49ad-9b5e-d5d385506cd5,refining.co,expiring,58,80,8,"GoDaddy.com, LLC",20/07/2010 22:30,19/07/2025 23:59
a0354048-a8f4-4847-9ed0-8d0704922827,refining.dev,available,58,80,8,,,
cdfb0798-1a1f-4de7-9e3d-cf849b4ec939,refining.gg,available,58,80,8,,,
ebc1a78c-9c77-4ae9-8e07-7aab0e509638,refining.me,resell,58,80,8,Dynadot Inc,05/11/2024 08:47,05/11/2025 08:47
973c0ec8-deaa-418c-94cb-8eb14a40a7fd,refining.net,resell,58,80,8,Moniker Online Services LLC,21/04/1997 04:00,22/04/2026 04:00
92f0afd3-df92-4eb9-9234-4272f7b0a002,refining.online,premium,58,80,8,,,
ecb0dd3e-bb9d-4ea2-a105-36529b57b785,refining.pro,available,58,80,8,,,
41f021de-5a2c-4b8c-a484-a48e750da415,refining.site,premium,58,80,8,,,
a611b114-cf75-44ab-8c87-bd42801935a1,refining.so,available,58,80,8,,,
ee8ae6a3-0ca0-411e-b41b-5b0f61834aca,refining.space,premium,58,80,8,,,
880d1c2c-bc91-4ccb-883c-01339996ed69,refining.store,premium,58,80,8,,,
4fb37fa7-83bb-4b35-93a3-0a987a7748e7,refining.zone,available,58,80,8,,,
ec13b992-cb23-45b9-bdd0-185118bacad2,extraction.ai,resell,59,72,10,"NameCheap, Inc.",07/04/2025 01:59,07/04/2027 01:59
0a1e64ae-bf1f-4323-b980-470c5700339a,extraction.app,premium,59,72,10,,,
304dca50-e59c-436d-95c6-63f640982346,extraction.at,available,59,72,10,,,
2efd0379-4211-4639-bbb1-96448a03ca61,extraction.co,resell,59,72,10,InternetX GmbH,01/02/2015 18:13,31/01/2026 23:59
da486094-4ea9-433f-97bb-0c1bdb3cf1e1,extraction.dev,premium,59,72,10,,,
b3d6d1ba-eb23-4bcd-9b8d-ede2e5f93a52,extraction.gg,available,59,72,10,,,
5fe95b4e-e17c-4f5f-a573-9438df8658ca,extraction.io,expiring,59,72,10,"GoDaddy.com, LLC",07/08/2016 05:35,07/08/2025 05:35
0c12bdfe-dbeb-46b5-b67d-4fea18cb38bc,extraction.me,premium,59,72,10,,,
bf178567-ee9f-4f73-b780-89071490284f,extraction.ninja,available,59,72,10,,,
ea48b734-f2c6-41b9-9e66-f1b1f89b353f,extraction.online,premium,59,72,10,,,
f5a4122f-9404-4c32-9216-8aa255548529,extraction.pro,resell,59,72,10,Epik LLC,23/06/2023 17:00,23/06/2026 17:00
11600774-f7dc-4852-b7e5-dc8070d812f5,extraction.so,available,59,72,10,,,
8310a7d3-d0c1-4599-b88e-916961a09989,extraction.tech,premium,59,72,10,,,
d68e259e-ac9c-4cce-8acc-1c116ccc2e2f,extraction.us,resell,59,72,10,"GoDaddy.com, LLC",17/06/2004 01:19,16/06/2026 23:59
643d058f-ef2b-41a8-a704-8be2c585ae17,ore.at,available,58,76,3,,,
ad27f780-1bdc-4d7a-a794-4fe54bebb242,ore.cloud,premium,58,76,3,,,
37529987-950d-4e49-984c-f7e7bd77162f,ore.co,expiring,58,76,3,"GoDaddy.com, LLC",21/07/2010 20:21,20/07/2025 23:59
6c32bf33-df7f-44f5-b96b-3f29f39bbc02,ore.expert,available,58,76,3,,,
7a6d34b5-6eda-4900-9b13-7e9511b75b6d,ore.io,expiring,58,76,3,"humbly, LLC",16/07/2017 10:12,16/07/2025 10:12
914b53e1-d4e8-4d9f-a298-277dfd78b4b1,ore.me,resell,58,76,3,Dynadot Inc,21/09/2010 17:51,21/09/2025 17:51
5e4c9627-5343-48ba-98aa-0605a17754d8,ore.ninja,premium,58,76,3,,,
fbf21f71-637f-4369-96eb-a1ee39a628e8,ore.online,premium,58,76,3,,,
5e10afaf-a961-4157-84a5-058063b2634f,ore.pro,premium,58,76,3,,,
f802e1cc-7b89-4711-9982-3b119fbff147,ore.site,premium,58,76,3,,,
587db4cc-a621-4101-9b4f-c2900395affd,ore.so,available,58,76,3,,,
821c5b01-f8f1-4705-8aab-6fec069235ab,ore.store,premium,58,76,3,,,
69e96e91-d6d1-4549-b9bc-9ec96cacd89e,ore.tech,premium,58,76,3,,,
2f818d2a-3786-4237-b8c2-76f24c7eb57a,ore.us,resell,58,76,3,"GoDaddy.com, LLC",11/07/2018 00:11,11/07/2026 00:11
2c5592a9-4595-402d-ae2b-1b4de70cf7a6,caving.ai,premium,58,32,6,,,
b8b0b551-c118-4322-b90d-80e546769fdf,caving.cloud,available,58,32,6,,,
bde5cdc9-828a-4083-a1c3-9d9f06909b21,caving.expert,available,58,32,6,,,
f80c186c-2a0f-446f-97b8-9e8e55925b3f,caving.gg,available,58,32,6,,,
190e2094-fb34-42aa-b0cf-1aaee6271105,caving.io,resell,58,32,6,Porkbun LLC,08/11/2021 13:26,08/11/2025 13:26
aead1cd4-027e-44b7-b30a-b3d4e5d1d2af,caving.net,resell,58,32,6,Dynadot Inc,29/03/2002 16:48,29/03/2026 15:48
b991dfc4-9911-45d3-bf9e-c4e9abd30283,caving.ninja,available,58,32,6,,,
87760c64-d54d-4033-aa0d-453e814139f4,caving.online,premium,58,32,6,,,
131fb6f9-92d5-4398-8d7b-1d5e68bb19e1,caving.pro,available,58,32,6,,,
1971ca37-ed29-4103-b8ab-e63d51056fbb,caving.site,premium,58,32,6,,,
b29a0840-fc8e-4849-ba2d-a9bde7e3933d,caving.so,available,58,32,6,,,
57b18c79-9f35-4ae1-a161-162999511f88,caving.space,premium,58,32,6,,,
4762be1c-40d3-435b-8dff-ee2a9e59d883,caving.store,premium,58,32,6,,,
42932de9-c386-4ad7-b46e-b1a4979b14c1,caving.tech,premium,58,32,6,,,
0983d763-7786-4842-835a-19d3397317d0,caving.us,resell,58,32,6,Dominet (HK) Limited,10/02/2025 07:55,10/02/2026 07:55
85f0fd2b-f692-4540-96d9-2788a804da15,caving.xyz,resell,58,32,6,"Go Daddy, LLC",03/06/2014 06:31,03/06/2026 23:59
8e63eb83-1238-4ccb-b827-1fef460107b3,caving.zone,available,58,32,6,,,
1f430c52-da70-448e-add4-c9ec33fffb32,separation.ac,available,68,6,10,,,
92cc1934-9a7d-4b14-bb98-d0fe538ba371,separation.academy,available,68,6,10,,,
cc357d69-763d-47cf-8de3-60e5d404af95,separation.accountant,available,68,6,10,,,
7df951a3-0491-41b4-a07b-59dc89fcce2d,separation.accountants,available,68,6,10,,,
a3822eaa-a525-41ef-9c08-52d8bb384786,separation.actor,available,68,6,10,,,
d8e48799-c0c2-4f22-8c8c-38ad9700c030,separation.adult,available,68,6,10,,,
eb50d88a-97ac-4e7f-a275-8cb6b749fd7d,separation.agency,available,68,6,10,,,
6273f6d1-f83c-4dbb-92e6-361654f9871c,separation.ai,sold,68,6,10,"NameCheap, Inc.",03/10/2025 00:43,03/10/2027 00:43
dbccc41f-ea9a-41ae-becf-82cf452ffc94,separation.airforce,available,68,6,10,,,
9d3e81e8-2846-4149-a065-fe080b53ef1d,separation.apartments,available,68,6,10,,,
d8b4fd21-f000-4596-87f4-985d7f3623da,separation.archi,available,68,6,10,,,
63ac10d6-6b57-4d86-9fb0-663e81700aa4,separation.army,available,68,6,10,,,
76d76e52-d107-4a2b-8a96-bd9fad887cb5,separation.art,premium,68,6,10,,,
e8675728-01ee-46a7-aa69-0828e6ecde30,separation.asia,available,68,6,10,,,
9ec6ba67-4ea0-40d1-a2e7-29952eb45b9c,separation.associates,available,68,6,10,,,
1f06e75c-fa4f-4b29-a085-59628006909f,separation.at,available,68,6,10,,,
c8cb15f6-7908-4ccc-a7fe-ac11a275a3e5,separation.attorney,premium,68,6,10,,,
25e6159f-d4e4-4b70-9d1d-167732d57e26,separation.auction,available,68,6,10,,,
4b90aec6-a687-45a8-83ba-356c712bf306,separation.audio,available,68,6,10,,,
0a79132a-84d6-4ef4-b433-d3b71a36cb6c,separation.auto,available,68,6,10,,,
9cc7d7c9-21fc-40e2-845b-ba80410c1cb3,separation.autos,available,68,6,10,,,
bda505f4-ce71-4c75-b192-52504e8346db,separation.baby,available,68,6,10,,,
0b451611-0ddf-492f-a061-83937b1038d0,separation.band,available,68,6,10,,,
5b124708-d63c-41e0-b7ae-c55dfbda1978,separation.bar,available,68,6,10,,,
87cee2b8-7119-4c55-8c22-c1b0c9cc8335,separation.bargains,available,68,6,10,,,
f5a195aa-d223-4a26-81d5-26547c0be10d,separation.bayern,available,68,6,10,,,
9d88b616-02c4-48d9-a660-81eeff3405b2,separation.beauty,available,68,6,10,,,
44624adf-faa6-43f1-b024-f3620706a511,separation.beer,available,68,6,10,,,
d44f7857-cf30-46bc-8ed0-60c466667658,separation.berlin,available,68,6,10,,,
aa8a1a5a-b38b-4ca0-a7f2-b5837057e91b,separation.best,available,68,6,10,,,
c7179d93-ef2b-47d5-a81c-3c418b349e94,separation.bet,available,68,6,10,,,
5cccf0b6-3d1c-46a0-abdc-3fc2282eff5f,separation.bid,available,68,6,10,,,
f1723e93-5ef5-4cc8-b1ad-5f795b2b3961,separation.bike,available,68,6,10,,,
ed802124-d2d6-4aa1-a174-f9f2e96f7b4f,separation.bingo,available,68,6,10,,,
30429b8e-3a49-473d-84e2-f296ef5df476,separation.bio,available,68,6,10,,,
139b6e4e-fbf3-478d-b4df-4b60af126d45,separation.biz,expired,68,6,10,IONOS SE,05/10/2001 08:05,06/11/2025 23:59
3c424708-ff65-43ae-bafb-e5723e3bde91,separation.black,available,68,6,10,,,
0af0b2d6-0eaf-4815-b16f-73994011d8b5,separation.blackfriday,available,68,6,10,,,
0be017cd-0049-4f6f-9f2e-6a07a1ee520d,separation.blog,available,68,6,10,,,
6fb5d3c8-0a88-45fb-ab6c-dedc65bf5faa,separation.blue,available,68,6,10,,,
b2de9fd4-fece-43b2-a69b-3fe7f5af45b3,separation.boats,available,68,6,10,,,
cfe474ac-b4e9-41ed-86be-ba2c64518000,separation.boo,available,68,6,10,,,
ade17667-aabb-4c59-8539-1d9ffc705179,separation.boston,available,68,6,10,,,
23b43c27-9482-4347-8679-7fabcd6fe20d,separation.bot,available,68,6,10,,,
b31ae958-db6a-4adc-a0d1-5f996b69a519,separation.boutique,available,68,6,10,,,
db02b7ab-11b5-4cc7-8b22-cacae276cdd4,separation.build,premium,68,6,10,,,
77228ee5-ecb9-4ee8-b924-eee24d1074c8,separation.builders,available,68,6,10,,,
abf531f3-fadb-4508-aa0f-8e7123e7fc22,separation.business,available,68,6,10,,,
afcbc9d6-e414-4909-84ed-156068797f27,separation.buzz,available,68,6,10,,,
4bb63eaf-ea41-4418-b641-72871286362e,separation.bz,available,68,6,10,,,
03c34748-2af3-47c7-a61c-3009f7cdc116,separation.cab,available,68,6,10,,,
763a3d1f-7a14-42d6-9e6e-a3fe36426698,separation.cafe,available,68,6,10,,,
d1c59409-0301-403a-9030-44bdc7f896af,separation.cam,available,68,6,10,,,
6d949919-857c-49f4-a479-b3450fca8a42,separation.camera,available,68,6,10,,,
c312bfcd-1b9c-4eef-bfdf-632f271eb3bb,separation.camp,available,68,6,10,,,
d0984489-7a4c-46ca-be4a-502dea439d5e,separation.capital,available,68,6,10,,,
fa2ad6a7-594c-4777-be2b-50fb963ed8a4,separation.car,available,68,6,10,,,
c137b1d9-f8e4-4491-8ba0-390bf5cd1d6d,separation.cards,available,68,6,10,,,
9184bd08-73d0-425f-8479-56b95849999c,separation.care,available,68,6,10,,,
a6e9dc15-738f-4c5e-9d20-77eb28cf6e54,separation.careers,available,68,6,10,,,
46770de3-89ab-4b5c-847c-475bd0b7eabc,separation.cars,available,68,6,10,,,
ed196d70-8023-4ac7-bf80-7a6caeb97d52,separation.casa,available,68,6,10,,,
53f7f0ef-6b90-4cae-80da-8e7662aa599f,separation.cash,available,68,6,10,,,
ccfb2643-91d6-465e-8b1e-ab4aa9d29d5d,separation.casino,available,68,6,10,,,
16f2e700-fbba-45e0-a148-23b611b8428c,separation.catering,available,68,6,10,,,
ea4f8515-7573-441b-ba7a-6301908f3b47,separation.cc,available,68,6,10,,,
9b9aab02-0a2c-4618-a484-72ef57819b56,separation.center,available,68,6,10,,,
11fc6971-40bb-43a3-a4d9-fd2bd93d478e,separation.ceo,available,68,6,10,,,
4f87a110-6b6c-4b57-bd29-1efb61d6f86a,separation.cfd,premium,68,6,10,,,
124bcb89-625c-40f7-bd45-d4930f5a83c4,separation.charity,available,68,6,10,,,
28bfd03d-ab78-463c-8443-f87037157d11,separation.chat,available,68,6,10,,,
5fb9590a-4cae-4a42-8e4e-b912536ec190,separation.cheap,available,68,6,10,,,
e2ad4bbf-4a84-453e-900b-714a5f29edec,separation.christmas,available,68,6,10,,,
ebdb90d5-5d65-4c6f-b11d-d8be0c79c958,separation.church,available,68,6,10,,,
d036f59a-54f0-455d-abed-453bd4dd825d,separation.city,available,68,6,10,,,
535e5045-1b2b-44ac-a9ad-5e45caf390c4,separation.claims,available,68,6,10,,,
f883f549-ad74-4dde-933e-c01b95d311d0,separation.cleaning,available,68,6,10,,,
53a67fd5-deda-40d9-b02e-909fae95bcdd,separation.click,available,68,6,10,,,
61b0477d-57dd-4959-bba5-c304fefe96d2,separation.clinic,available,68,6,10,,,
98fc4559-d47f-4a22-bdd9-2e12f7795248,separation.clothing,available,68,6,10,,,
49370304-f521-49d2-867a-9e66d4b49ccd,separation.cloud,available,68,6,10,,,
87b633bf-95e5-42ed-bfdf-84759b5bfa30,separation.club,premium,68,6,10,,,
54b2e91f-d9e7-484f-b0f8-58162bfcf312,separation.co,sold,68,6,10,InternetX GmbH,24/09/2012 00:38,23/09/2026 23:59
65cefe54-b549-4f8f-a20b-0e49ce8ff0ba,separation.coach,available,68,6,10,,,
2ab30119-ce92-433e-bac1-bcee27416dc5,separation.codes,available,68,6,10,,,
86fd0617-cbae-4be2-806d-a7cdd72388b6,separation.coffee,available,68,6,10,,,
886b187e-b662-4a17-add5-8be1349aba33,separation.college,available,68,6,10,,,
21baa46a-612f-4bb9-8b36-9328869301e4,separation.com,premium,68,6,10,"GoDaddy.com, LLC",28/12/1999 11:33,28/12/2026 11:33
cda967b2-b1c8-4b9e-81bc-ca7707fa4dfb,separation.community,available,68,6,10,,,
fce2c324-7218-4495-952d-8962e7c92323,separation.company,available,68,6,10,,,
8cb164b8-56d8-4b08-a2b1-f3ae5c777ddc,separation.computer,available,68,6,10,,,
f4b4be2b-231c-419c-89cd-5e57a3fd22c0,separation.condos,available,68,6,10,,,
764c4f10-4c3a-4f66-b828-3b4b83c8d3dc,separation.construction,available,68,6,10,,,
c03f863a-bc51-4294-ab04-335e7dc7d74f,separation.consulting,available,68,6,10,,,
69163f69-139e-45c1-b706-4018efcfe976,separation.contact,available,68,6,10,,,
b4712448-78aa-4bc7-ba29-a753fb82e621,separation.contractors,available,68,6,10,,,
1d28a7bc-6753-4c9f-8b62-418873c0f878,separation.cooking,available,68,6,10,,,
abcae0b6-2973-4c53-b05f-380d42facf65,separation.cool,available,68,6,10,,,
3fa0b0f2-9b72-4ec8-ba49-9ce482f4fe98,separation.country,available,68,6,10,,,
b63348a5-c9bf-4dfb-ac72-a82f2640e8d2,separation.coupons,available,68,6,10,,,
a0ed1670-fbb6-4a9b-8979-547213cd2caf,separation.courses,available,68,6,10,,,
ab84d3bb-017d-4a51-b312-96556a9579c9,separation.credit,available,68,6,10,,,
e27a5f60-3abd-489f-a313-8b9843d25a99,separation.creditcard,available,68,6,10,,,
d8b120f6-6718-4793-8c6c-b40be223756b,separation.cricket,available,68,6,10,,,
9f391b95-4587-4165-ad47-8f7442213aeb,separation.cruises,available,68,6,10,,,
a7399e62-5c60-457a-80a1-5862cda2158c,separation.cv,premium,68,6,10,,,
e9d68a64-811e-43af-b21e-e352efc7e0c7,separation.cx,available,68,6,10,,,
7b9b8ad7-9a94-41d5-8173-edde7e6d4cd3,separation.cyou,premium,68,6,10,,,
19d26cf0-e2a4-4e84-b493-d2431aa5a8dd,separation.dad,available,68,6,10,,,
0177a534-fd68-4aa3-9d7a-102d3dc76ecf,separation.dance,available,68,6,10,,,
3edfaf31-9ad7-4965-956d-d2050f6ab3ee,separation.date,premium,68,6,10,,,
32e796aa-6235-4664-827a-22432afa2e41,separation.dating,available,68,6,10,,,
8cf3fa52-7df6-482e-82eb-c91e0fe7525a,separation.day,available,68,6,10,,,
18d6d990-e385-444b-b4ce-15f6f19eb76e,separation.deal,available,68,6,10,,,
41b5273e-1d95-4930-a347-dd5a9610a5c8,separation.dealer,premium,68,6,10,,,
5d9d7ef3-8166-4c9c-a6aa-6ae1356f2008,separation.deals,available,68,6,10,,,
3b23d9c1-0924-4511-b190-b99e27f262bb,separation.degree,premium,68,6,10,,,
f0ba3588-aba2-4ef8-ada4-7b3b5b0873ed,separation.delivery,available,68,6,10,,,
c55a7aa3-0075-40b2-9d72-a11769898e89,separation.democrat,available,68,6,10,,,
3e7361f5-0d3f-4303-b6bb-9893e85b0005,separation.dental,available,68,6,10,,,
049395b0-62d8-4551-805c-47057cada3ae,separation.dentist,available,68,6,10,,,
d228b45f-b502-431c-a0c9-8ac6e6f355a5,separation.design,available,68,6,10,,,
63dd52ed-06bf-41c4-bc3e-1efc0921e9e0,separation.dev,premium,68,6,10,,,
b35ac874-7e0e-41cd-9734-3c76da998638,separation.diamonds,available,68,6,10,,,